title,genre,budget,year,month
Avatar,Action,237000000,2009,12
Pirates of the Caribbean: At World's End,Adventure,300000000,2007,5
Spectre,Action,245000000,2015,10
The Dark Knight Rises,Action,250000000,2012,7
John Carter,Action,260000000,2012,3
Spider-Man 3,Fantasy,258000000,2007,5
Tangled,Animation,260000000,2010,11
Avengers: Age of Ultron,Action,280000000,2015,4
Harry Potter and the Half-Blood Prince,Adventure,250000000,2009,7
Batman v Superman: Dawn of Justice,Action,250000000,2016,3
Superman Returns,Adventure,270000000,2006,6
Quantum of Solace,Adventure,200000000,2008,10
Pirates of the Caribbean: Dead Man's Chest,Adventure,200000000,2006,6
The Lone Ranger,Action,255000000,2013,7
Man of Steel,Action,225000000,2013,6
The Chronicles of Narnia: Prince Caspian,Adventure,225000000,2008,5
The Avengers,Science Fiction,220000000,2012,4
Pirates of the Caribbean: On Stranger Tides,Adventure,380000000,2011,5
Men in Black 3,Action,225000000,2012,5
The Hobbit: The Battle of the Five Armies,Action,250000000,2014,12
The Amazing Spider-Man,Action,215000000,2012,6
Robin Hood,Action,200000000,2010,5
The Hobbit: The Desolation of Smaug,Adventure,250000000,2013,12
The Golden Compass,Adventure,180000000,2007,12
King Kong,Adventure,207000000,2005,12
Titanic,Drama,200000000,1997,11
Captain America: Civil War,Adventure,250000000,2016,4
Battleship,Thriller,209000000,2012,4
Jurassic World,Action,150000000,2015,6
Skyfall,Action,200000000,2012,10
Spider-Man 2,Action,200000000,2004,6
Iron Man 3,Action,200000000,2013,4
Alice in Wonderland,,200000000,2010,3
X-Men: The Last Stand,Adventure,210000000,2006,5
Monsters University,Animation,200000000,2013,6
Transformers: Revenge of the Fallen,Science Fiction,150000000,2009,6
Transformers: Age of Extinction,Science Fiction,210000000,2014,6
Oz: The Great and Powerful,Fantasy,200000000,2013,3
The Amazing Spider-Man 2,Action,200000000,2014,4
TRON: Legacy,Adventure,170000000,2010,12
Cars 2,Animation,200000000,2011,6
Green Lantern,Adventure,200000000,2011,6
Toy Story 3,Animation,200000000,2010,6
Terminator Salvation,Action,200000000,2009,5
Furious 7,Action,190000000,2015,4
World War Z,Action,200000000,2013,6
X-Men: Days of Future Past,Action,250000000,2014,5
Star Trek Into Darkness,Action,190000000,2013,5
Jack the Giant Slayer,Action,195000000,2013,2
The Great Gatsby,Drama,105000000,2013,5
Prince of Persia: The Sands of Time,Adventure,150000000,2010,5
Pacific Rim,Action,180000000,2013,7
Transformers: Dark of the Moon,Action,195000000,2011,6
Indiana Jones and the Kingdom of the Crystal Skull,Adventure,185000000,2008,5
The Good Dinosaur,Adventure,175000000,2015,11
Brave,Animation,185000000,2012,6
Star Trek Beyond,Action,185000000,2016,7
WALL·E,Animation,180000000,2008,6
Rush Hour 3,Action,140000000,2007,8
2012,Action,200000000,2009,10
A Christmas Carol,Animation,200000000,2009,11
Jupiter Ascending,Science Fiction,176000003,2015,2
The Legend of Tarzan,Action,180000000,2016,6
"The Chronicles of Narnia: The Lion, the Witch and the Wardrobe",Adventure,180000000,2005,12
X-Men: Apocalypse,Science Fiction,178000000,2016,5
The Dark Knight,Drama,185000000,2008,7
Up,Animation,175000000,2009,5
Monsters vs Aliens,Animation,175000000,2009,3
Iron Man,Action,140000000,2008,4
Hugo,Adventure,170000000,2011,11
Wild Wild West,Action,170000000,1999,6
The Mummy: Tomb of the Dragon Emperor,Adventure,145000000,2008,7
Suicide Squad,Action,175000000,2016,8
Evan Almighty,Fantasy,175000000,2007,6
Edge of Tomorrow,Action,178000000,2014,5
Waterworld,Adventure,175000000,1995,7
G.I. Joe: The Rise of Cobra,Adventure,175000000,2009,8
Inside Out,Drama,175000000,2015,6
The Jungle Book,,175000000,2016,4
Iron Man 2,Adventure,200000000,2010,4
Snow White and the Huntsman,Adventure,170000000,2012,5
Maleficent,Fantasy,180000000,2014,5
Dawn of the Planet of the Apes,Science Fiction,170000000,2014,6
The Lovers,Action,27000000,2015,2
47 Ronin,Drama,175000000,2013,12
Captain America: The Winter Soldier,Action,170000000,2014,3
Shrek Forever After,Comedy,165000000,2010,5
Tomorrowland,Adventure,190000000,2015,5
Big Hero 6,Adventure,165000000,2014,10
Wreck-It Ralph,,165000000,2012,11
The Polar Express,Adventure,165000000,2004,11
Independence Day: Resurgence,Action,165000000,2016,6
How to Train Your Dragon,Fantasy,165000000,2010,3
Terminator 3: Rise of the Machines,Action,200000000,2003,7
Guardians of the Galaxy,Action,170000000,2014,7
Interstellar,Adventure,165000000,2014,11
Inception,Action,160000000,2010,7
Shin Godzilla,Action,15000000,2016,7
The Hobbit: An Unexpected Journey,Adventure,250000000,2012,11
The Fast and the Furious,Action,38000000,2001,6
The Curious Case of Benjamin Button,Fantasy,150000000,2008,11
X-Men: First Class,Action,160000000,2011,5
The Hunger Games: Mockingjay - Part 2,Action,160000000,2015,11
The Sorcerer's Apprentice,Fantasy,150000000,2010,7
Poseidon,Adventure,160000000,2006,5
Alice Through the Looking Glass,Fantasy,170000000,2016,5
Shrek the Third,Fantasy,160000000,2007,5
Warcraft,Action,160000000,2016,5
Terminator Genisys,Science Fiction,155000000,2015,6
The Chronicles of Narnia: The Voyage of the Dawn Treader,Adventure,155000000,2010,8
Pearl Harbor,,140000000,2001,5
Transformers,Adventure,150000000,2007,6
Alexander,,155000000,2004,11
Harry Potter and the Order of the Phoenix,Adventure,150000000,2007,6
Harry Potter and the Goblet of Fire,Adventure,150000000,2005,11
Hancock,Fantasy,150000000,2008,7
I Am Legend,Drama,150000000,2007,12
Charlie and the Chocolate Factory,Adventure,150000000,2005,7
Ratatouille,Animation,150000000,2007,6
Batman Begins,Action,150000000,2005,6
Madagascar: Escape 2 Africa,,150000000,2008,10
Night at the Museum: Battle of the Smithsonian,Adventure,150000000,2009,5
X-Men Origins: Wolverine,Adventure,150000000,2009,4
The Matrix Revolutions,Adventure,150000000,2003,11
Frozen,Animation,150000000,2013,11
The Matrix Reloaded,Adventure,150000000,2003,5
Thor: The Dark World,Action,170000000,2013,10
Mad Max: Fury Road,Action,150000000,2015,5
Angels & Demons,Thriller,150000000,2009,5
Thor,Adventure,150000000,2011,4
Bolt,Animation,150000000,2008,11
G-Force,Fantasy,150000000,2009,7
Wrath of the Titans,Adventure,150000000,2012,3
Dark Shadows,Comedy,150000000,2012,5
Mission: Impossible - Rogue Nation,Action,150000000,2015,7
The Wolfman,Drama,150000000,2010,2
Bee Movie,,150000000,2007,10
Kung Fu Panda 2,Animation,150000000,2011,5
The Last Airbender,Action,150000000,2010,6
Mission: Impossible III,Adventure,150000000,2006,5
White House Down,Action,150000000,2013,6
Mars Needs Moms,Adventure,150000000,2011,3
Flushed Away,Adventure,149000000,2006,10
Pan,Adventure,150000000,2015,9
Mr. Peabody & Sherman,Animation,145000000,2014,2
Troy,Adventure,175000000,2004,5
Madagascar 3: Europe's Most Wanted,Animation,145000000,2012,6
Die Another Day,Adventure,140000000,2002,11
Ghostbusters,Action,144000000,2016,7
Armageddon,Action,140000000,1998,7
Men in Black II,Action,140000000,2002,7
Beowulf,Adventure,70000000,2007,11
Kung Fu Panda 3,Action,145000000,2016,1
Mission: Impossible - Ghost Protocol,Action,145000000,2011,12
Rise of the Guardians,Fantasy,145000000,2012,11
Fun with Dick and Jane,Comedy,100000000,2005,12
The Last Samurai,Drama,140000000,2003,12
Exodus: Gods and Kings,Adventure,140000000,2014,12
Star Trek,Science Fiction,150000000,2009,5
Spider-Man,Fantasy,139000000,2002,5
How to Train Your Dragon 2,Fantasy,145000000,2014,6
Gods of Egypt,Fantasy,140000000,2016,2
Stealth,Action,135000000,2005,7
Watchmen,Action,130000000,2009,3
Lethal Weapon 4,Action,140000000,1998,7
Hulk,Drama,137000000,2003,6
G.I. Joe: Retaliation,Adventure,130000000,2013,3
Sahara,Action,130000000,2005,4
Final Fantasy: The Spirits Within,Adventure,137000000,2001,7
Captain America: The First Avenger,Action,140000000,2011,7
The World Is Not Enough,Adventure,135000000,1999,11
Master and Commander: The Far Side of the World,Adventure,150000000,2003,11
The Twilight Saga: Breaking Dawn - Part 2,Adventure,120000000,2012,11
Happy Feet Two,Animation,130000000,2011,11
The Incredible Hulk,Science Fiction,150000000,2008,6
The BFG,Adventure,140000000,2016,6
The Revenant,,135000000,2015,12
Turbo,Animation,135000000,2013,7
Rango,Animation,135000000,2011,3
Penguins of Madagascar,,132000000,2014,11
The Bourne Ultimatum,Action,70000000,2007,8
Kung Fu Panda,Adventure,130000000,2008,6
Ant-Man,Science Fiction,130000000,2015,7
The Hunger Games: Catching Fire,Adventure,130000000,2013,11
Home,Fantasy,135000000,2015,3
War of the Worlds,Adventure,132000000,2005,6
Bad Boys II,Adventure,130000000,2003,7
Puss in Boots,Action,130000000,2011,10
Salt,Action,110000000,2010,7
Noah,Drama,125000000,2014,3
The Adventures of Tintin,Adventure,130000000,2011,10
Harry Potter and the Prisoner of Azkaban,Adventure,130000000,2004,5
Australia,Drama,130000000,2008,11
After Earth,Science Fiction,130000000,2013,5
Dinosaur,Animation,127500000,2000,5
Night at the Museum: Secret of the Tomb,Adventure,127000000,2014,12
Megamind,Animation,130000000,2010,10
Harry Potter and the Philosopher's Stone,Adventure,125000000,2001,11
R.I.P.D.,Fantasy,130000000,2013,7
Pirates of the Caribbean: The Curse of the Black Pearl,Adventure,140000000,2003,7
The Hunger Games: Mockingjay - Part 1,Science Fiction,125000000,2014,11
The Da Vinci Code,Thriller,125000000,2006,5
Rio 2,Animation,103000000,2014,3
X2,Adventure,110000000,2003,4
Fast Five,Action,125000000,2011,4
Sherlock Holmes: A Game of Shadows,Adventure,125000000,2011,11
Clash of the Titans,Adventure,125000000,2010,4
Total Recall,Action,65000000,1990,6
The 13th Warrior,Adventure,160000000,1999,8
The Bourne Legacy,Action,130000000,2012,8
Batman & Robin,Action,125000000,1997,6
How the Grinch Stole Christmas,,123000000,2000,11
The Day After Tomorrow,Action,125000000,2004,5
Mission: Impossible II,Adventure,125000000,2000,5
The Perfect Storm,Drama,120000000,2000,3
Fantastic 4: Rise of the Silver Surfer,Adventure,130000000,2007,6
Life of Pi,Adventure,120000000,2012,11
Ghost Rider,Thriller,110000000,2007,2
Jason Bourne,Action,120000000,2016,7
Charlie's Angels: Full Throttle,Action,120000000,2003,6
Prometheus,Science Fiction,130000000,2012,5
Stuart Little 2,,120000000,2002,7
Elysium,Science Fiction,115000000,2013,8
The Chronicles of Riddick,Action,105000000,2004,6
RoboCop,Action,120000000,2014,1
Speed Racer,Action,120000000,2008,5
How Do You Know,Comedy,120000000,2010,12
Knight and Day,Action,117000000,2010,6
Oblivion,Action,120000000,2013,4
Star Wars: Episode III - Revenge of the Sith,Science Fiction,113000000,2005,5
Star Wars: Episode II - Attack of the Clones,Adventure,120000000,2002,5
"Monsters, Inc.",Animation,115000000,2001,11
The Wolverine,Action,120000000,2013,7
Star Wars: Episode I - The Phantom Menace,Adventure,115000000,1999,5
The Croods,Adventure,135000000,2013,3
Asterix at the Olympic Games,Fantasy,97250400,2008,1
Windtalkers,Drama,115000000,2002,6
The Huntsman: Winter's War,Action,115000000,2016,4
Teenage Mutant Ninja Turtles,Science Fiction,125000000,2014,8
Gravity,Science Fiction,105000000,2013,9
Dante's Peak,Action,116000000,1997,2
Teenage Mutant Ninja Turtles: Out of the Shadows,Fantasy,135000000,2016,6
Fantastic Four,Action,120000000,2015,8
Night at the Museum,Action,110000000,2006,10
San Andreas,Action,110000000,2015,5
Tomorrow Never Dies,Adventure,110000000,1997,12
The Patriot,Drama,110000000,2000,6
Ocean's Twelve,Thriller,110000000,2004,12
Mr. & Mrs. Smith,Action,110000000,2005,6
Insurgent,Adventure,110000000,2015,3
The Aviator,Drama,116000000,2004,12
Gulliver's Travels,Comedy,112000000,2010,12
The Green Hornet,Action,120000000,2011,1
300: Rise of an Empire,Action,110000000,2014,3
The Smurfs,Animation,110000000,2011,7
Home on the Range,Animation,110000000,2004,4
Allegiant,Adventure,110000000,2016,3
Real Steel,Action,110000000,2011,9
The Smurfs 2,Fantasy,105000000,2013,7
Speed 2: Cruise Control,Action,160000000,1997,6
Ender's Game,Science Fiction,110000000,2013,10
Live Free or Die Hard,Action,110000000,2007,6
The Lord of the Rings: The Fellowship of the Ring,Adventure,93000000,2001,12
Around the World in 80 Days,Action,110000000,2004,6
Ali,Drama,107000000,2001,12
The Cat in the Hat,Comedy,0,2003,11
"I, Robot",Action,120000000,2004,7
Kingdom of Heaven,Drama,130000000,2005,5
Stuart Little,Animation,133000000,1999,12
The Princess and the Frog,Romance,105000000,2009,12
The Martian,Drama,108000000,2015,9
The Island,Action,126000000,2005,7
Town & Country,Comedy,90000000,2001,4
Gone in Sixty Seconds,Action,90000000,2000,6
Gladiator,Action,103000000,2000,5
Minority Report,Action,102000000,2002,6
Harry Potter and the Chamber of Secrets,Adventure,100000000,2002,11
Casino Royale,Adventure,150000000,2006,11
Planet of the Apes,Thriller,100000000,2001,7
Terminator 2: Judgment Day,Action,100000000,1991,7
Public Enemies,,80000000,2009,7
American Gangster,Drama,100000000,2007,11
True Lies,Action,115000000,1994,7
The Taking of Pelham 1 2 3,Thriller,100000000,2009,6
Little Fockers,Comedy,100000000,2010,12
The Other Guys,Action,100000000,2010,8
Eraser,Action,100000000,1996,6
Django Unchained,Drama,100000000,2012,12
The Hunchback of Notre Dame,Drama,100000000,1996,6
The Emperor's New Groove,Adventure,100000000,2000,12
The Expendables 2,Action,100000000,2012,8
National Treasure,Adventure,100000000,2004,11
Eragon,Fantasy,100000000,2006,12
Where the Wild Things Are,,100000000,2009,10
Epic,Animation,100000000,2013,5
The Tourist,Action,100000000,2010,12
End of Days,Action,100000000,1999,11
Blood Diamond,Drama,100000000,2006,12
The Wolf of Wall Street,Crime,100000000,2013,12
Batman Forever,Action,100000000,1995,5
Starship Troopers,Adventure,105000000,1997,11
Cloud Atlas,Drama,102000000,2012,10
Legend of the Guardians: The Owls of Ga'Hoole,Animation,80000000,2010,7
Catwoman,Action,100000000,2004,7
Hercules,Action,100000000,2014,7
Treasure Planet,Adventure,140000000,2002,11
Land of the Lost,Adventure,100000000,2009,6
The Expendables 3,Action,90000000,2014,8
Point Break,Action,105000000,2015,12
Son of the Mask,Fantasy,84000000,2005,2
In the Heart of the Sea,Thriller,100000000,2015,11
The Adventures of Pluto Nash,Action,100000000,2002,8
Green Zone,,100000000,2010,3
The Peanuts Movie,Animation,99000000,2015,11
The Spanish Prisoner,Crime,10000000,1997,9
The Mummy Returns,Adventure,98000000,2001,4
Gangs of New York,Drama,100000000,2002,12
The Flowers of War,Drama,94000000,2011,12
Surf's Up,Animation,85000000,2007,6
The Stepford Wives,Action,90000000,2004,6
Black Hawk Down,Action,92000000,2001,12
The Campaign,Comedy,0,2012,8
The Fifth Element,Adventure,90000000,1997,5
Sex and the City 2,Comedy,100000000,2010,5
The Road to El Dorado,Adventure,95000000,2000,3
Ice Age: Continental Drift,Animation,95000000,2012,6
Cinderella,Romance,95000000,2015,3
The Lovely Bones,Fantasy,65000000,2009,12
Finding Nemo,Animation,94000000,2003,5
The Lord of the Rings: The Return of the King,Adventure,94000000,2003,12
The Lord of the Rings: The Two Towers,Adventure,79000000,2002,12
Seventh Son,Adventure,95000000,2014,12
Lara Croft: Tomb Raider,Adventure,115000000,2001,6
Transcendence,Thriller,100000000,2014,4
Jurassic Park III,Adventure,93000000,2001,7
Rise of the Planet of the Apes,Thriller,93000000,2011,8
The Spiderwick Chronicles,Adventure,90000000,2008,2
A Good Day to Die Hard,Action,92000000,2013,2
The Alamo,,145000000,2004,4
The Incredibles,Action,92000000,2004,11
Cutthroat Island,Action,98000000,1995,12
Percy Jackson & the Olympians: The Lightning Thief,Adventure,95000000,2010,2
Men in Black,Action,90000000,1997,7
Toy Story 2,Animation,90000000,1999,10
Unstoppable,Action,100000000,2010,11
Rush Hour 2,Action,90000000,2001,8
What Lies Beneath,Drama,100000000,2000,7
Cloudy with a Chance of Meatballs,Animation,100000000,2009,9
Ice Age: Dawn of the Dinosaurs,Animation,90000000,2009,6
The Secret Life of Walter Mitty,Adventure,90000000,2013,12
Charlie's Angels,Action,92000000,2000,11
The Departed,Drama,90000000,2006,10
Mulan,Animation,90000000,1998,6
Tropic Thunder,Action,92000000,2008,8
The Girl with the Dragon Tattoo,Thriller,90000000,2011,12
Die Hard: With a Vengeance,Action,90000000,1995,5
Sherlock Holmes,Action,90000000,2009,12
Ben-Hur,Drama,100000000,2016,8
Atlantis: The Lost Empire,Animation,120000000,2001,6
Alvin and the Chipmunks: The Road Chip,Adventure,0,2015,12
Valkyrie,Drama,75000000,2008,12
You Don't Mess with the Zohan,Comedy,90000000,2008,6
Pixels,Action,88000000,2015,7
A.I. Artificial Intelligence,Drama,100000000,2001,6
The Haunted Mansion,Thriller,90000000,2003,11
Contact,Drama,90000000,1997,7
Hollow Man,Action,95000000,2000,8
The Interpreter,Crime,80000000,2005,4
Percy Jackson: Sea of Monsters,Adventure,90000000,2013,8
Lara Croft Tomb Raider: The Cradle of Life,Action,95000000,2003,7
Now You See Me 2,Action,90000000,2016,6
The Saint,Thriller,68000000,1997,4
Spy Game,Action,92000000,2001,11
Mission to Mars,Science Fiction,90000000,2000,3
Rio,Animation,90000000,2011,4
Bicentennial Man,Comedy,100000000,1999,12
Volcano,Science Fiction,90000000,1997,4
The Devil's Own,Crime,90000000,1997,3
K-19: The Widowmaker,Drama,100000000,2002,7
Conan the Barbarian,Adventure,20000000,1982,4
Cinderella Man,Romance,88000000,2005,6
The Nutcracker: The Untold Story,Fantasy,90000000,2010,11
Seabiscuit,Drama,87000000,2003,7
Twister,Action,92000000,1996,5
Cast Away,Adventure,90000000,2000,12
Happy Feet,Animation,100000000,2006,11
The Bourne Supremacy,Action,75000000,2004,7
Air Force One,Action,85000000,1997,7
Ocean's Eleven,Thriller,85000000,2001,12
The Three Musketeers,Adventure,75000000,2011,8
Hotel Transylvania,Animation,85000000,2012,9
Enchanted,Comedy,85000000,2007,11
Safe House,Action,85000000,2012,2
102 Dalmatians,Comedy,85000000,2000,10
Tower Heist,Action,75000000,2011,11
The Holiday,Comedy,85000000,2006,12
Enemy of the State,Action,90000000,1998,11
It's Complicated,Comedy,85000000,2009,12
Ocean's Thirteen,Crime,85000000,2007,6
Open Season,Adventure,85000000,2006,9
Divergent,Adventure,85000000,2014,3
Enemy at the Gates,,68000000,2001,3
The Rundown,Adventure,85000000,2003,9
Last Action Hero,Adventure,85000000,1993,6
Memoirs of a Geisha,Drama,85000000,2005,12
The Fast and the Furious: Tokyo Drift,Action,85000000,2006,6
Arthur Christmas,Drama,0,2011,2
Meet Joe Black,Fantasy,90000000,1998,11
Collateral Damage,Action,85000000,2002,2
All That Jazz,Drama,0,1979,12
Mirror Mirror,Adventure,85000000,2012,3
Scott Pilgrim vs. the World,Action,60000000,2010,7
The Core,Action,60000000,2003,3
Nutty Professor II: The Klumps,Fantasy,84000000,2000,7
Scooby-Doo,,84000000,2002,6
Dredd,Action,50000000,2012,9
Click,Comedy,82500000,2006,6
Creepshow,Horror,8000000,1982,11
Cats & Dogs 2 : The Revenge of Kitty Galore,Comedy,85000000,2010,7
Jumper,Adventure,85000000,2008,2
Hellboy II: The Golden Army,Adventure,85000000,2008,7
Zodiac,Crime,65000000,2007,3
The 6th Day,Science Fiction,82000000,2000,11
Bruce Almighty,Fantasy,80000000,2003,5
The Expendables,Thriller,80000000,2010,8
Mission: Impossible,Adventure,80000000,1996,5
The Hunger Games,Science Fiction,75000000,2012,3
The Hangover Part II,Comedy,80000000,2011,5
Batman Returns,Action,80000000,1992,6
Over the Hedge,Comedy,80000000,2006,4
Lilo & Stitch,Animation,80000000,2002,6
Charlotte's Web,Comedy,85000000,2006,12
Deep Impact,Action,75000000,1998,5
RED 2,Action,84000000,2013,7
The Longest Yard,Comedy,82000000,2005,5
Alvin and the Chipmunks: Chipwrecked,Comedy,75000000,2011,12
Grown Ups 2,Comedy,80000000,2013,7
Get Smart,Action,80000000,2008,6
Something's Gotta Give,Drama,80000000,2003,12
Shutter Island,Drama,80000000,2010,2
Four Christmases,Comedy,80000000,2008,11
Robots,Animation,75000000,2005,3
Face/Off,Action,80000000,1997,6
Bedtime Stories,Fantasy,80000000,2008,12
Road to Perdition,Thriller,80000000,2002,7
Just Go with It,Romance,80000000,2011,2
Con Air,Action,75000000,1997,6
Eagle Eye,,80000000,2008,9
Cold Mountain,Drama,79000000,2003,12
The Book of Eli,Action,80000000,2010,1
Flubber,Comedy,80000000,1997,11
The Haunting,Horror,80000000,1999,7
Space Jam,Animation,80000000,1996,11
The Pink Panther,Action,0,2006,1
The Day the Earth Stood Still,Drama,80000000,2008,12
Conspiracy Theory,Action,75000000,1997,8
Fury,,68000000,2014,10
Six Days Seven Nights,Action,70000000,1998,6
Yogi Bear,Comedy,80000000,2010,12
Spirit: Stallion of the Cimarron,,80000000,2002,5
Zookeeper,Comedy,80000000,2011,7
Lost in Space,Adventure,80000000,1998,4
The Manchurian Candidate,Drama,80000000,2004,7
Déjà Vu,Romance,0,1998,4
Hotel Transylvania 2,Animation,80000000,2015,9
Fantasia 2000,Animation,80000000,1999,12
The Time Machine,Science Fiction,80000000,2002,3
Mighty Joe Young,Action,90000000,1998,12
Swordfish,Action,102000000,2001,6
The Legend of Zorro,Action,75000000,2005,10
What Dreams May Come,Drama,85000000,1998,10
Little Nicky,Comedy,85000000,2000,11
The Brothers Grimm,Adventure,88000000,2005,8
Mars Attacks!,Comedy,70000000,1996,12
Evolution,,0,2015,9
The Edge,Action,0,1997,9
Surrogates,Action,80000000,2009,9
Thirteen Days,Drama,80000000,2000,12
Daylight,Action,80000000,1996,12
Walking With Dinosaurs,Animation,80000000,2013,12
Battlefield Earth,Action,44000000,2000,5
Looney Tunes: Back in Action,Animation,80000000,2003,11
Nine,Drama,80000000,2009,12
Timeline,Action,80000000,2003,11
The Postman,Drama,80000000,1997,12
Babe: Pig in the City,Adventure,90000000,1998,11
The Last Witch Hunter,Fantasy,90000000,2015,10
Red Planet,Thriller,80000000,2000,11
Arthur and the Invisibles,Adventure,86000000,2006,12
Oceans,,0,2009,10
A Sound of Thunder,Thriller,80000000,2005,5
Pompeii,Action,130000000,2014,2
Top Cat Begins,Comedy,8000000,2015,10
A Beautiful Mind,Drama,60000000,2001,12
The Lion King,,45000000,1994,6
Journey 2: The Mysterious Island,Adventure,79000000,2012,1
Cloudy with a Chance of Meatballs 2,Animation,78000000,2013,9
Red Dragon,Crime,78000000,2002,9
Hidalgo,,100000000,2004,3
Jack and Jill,Comedy,79000000,2011,11
2 Fast 2 Furious,Action,76000000,2003,6
The Little Prince,Adventure,64000000,2015,7
The Invasion,Science Fiction,80000000,2007,8
The Adventures of Rocky & Bullwinkle,Action,76000000,2000,6
The Secret Life of Pets,Animation,75000000,2016,6
The League of Extraordinary Gentlemen,Fantasy,78000000,2003,7
Despicable Me 2,Animation,76000000,2013,6
Independence Day,Action,75000000,1996,6
The Lost World: Jurassic Park,Adventure,73000000,1997,5
Madagascar,,75000000,2005,5
Children of Men,Drama,76000000,2006,9
X-Men,Adventure,75000000,2000,7
Wanted,Action,75000000,2008,6
The Rock,Action,75000000,1996,6
Ice Age: The Meltdown,Animation,80000000,2006,3
50 First Dates,Comedy,75000000,2004,2
Hairspray,,50000000,2007,7
Exorcist: The Beginning,Horror,80000000,2004,8
Inspector Gadget,Action,75000000,1999,7
Now You See Me,Thriller,75000000,2013,5
Grown Ups,Comedy,80000000,2010,6
The Terminal,Comedy,60000000,2004,6
Hotel for Dogs,Comedy,35000000,2009,1
Vertical Limit,Action,75000000,2000,12
Charlie Wilson's War,Comedy,75000000,2007,12
Shark Tale,Animation,75000000,2004,9
Dreamgirls,Drama,70000000,2006,12
Be Cool,Comedy,53000000,2005,3
Munich,Drama,70000000,2005,12
Tears of the Sun,Action,70000000,2003,3
Killers,Action,75000000,2010,6
The Man from U.N.C.L.E.,Comedy,75000000,2015,8
Spanglish,Comedy,80000000,2004,12
Monster House,Animation,75000000,2006,7
Bandits,Action,75000000,2001,10
First Knight,Action,55000000,1995,7
Anna and the King,Drama,75000000,1999,12
Immortals,Fantasy,75000000,2011,11
Hostage,,52000000,2005,3
Titan A.E.,Animation,75000000,2000,6
Hollywood Homicide,Action,75000000,2003,6
Soldier,Action,75000000,1998,10
Carriers,Action,0,2009,9
Monkeybone,Adventure,75000000,2001,2
Flight of the Phoenix,Action,45000000,2004,12
Unbreakable,Science Fiction,75000000,2000,11
Minions,,74000000,2015,6
Sucker Punch,Action,82000000,2011,3
Snake Eyes,Crime,73000000,1998,8
Sphere,Science Fiction,75000000,1998,2
The Angry Birds Movie,,73000000,2016,5
Fool's Gold,Romance,70000000,2008,2
Funny People,Comedy,75000000,2009,7
The Kingdom,Thriller,70000000,2007,8
Talladega Nights: The Ballad of Ricky Bobby,Comedy,72500000,2006,8
Dr. Dolittle 2,Comedy,70000000,2001,6
Braveheart,Action,72000000,1995,5
Jarhead,Drama,72000000,2005,11
The Simpsons Movie,Animation,75000000,2007,7
The Majestic,Drama,72000000,2001,12
Driven,Action,94000000,2001,4
Two Brothers,Adventure,74500000,2004,4
The Village,Drama,60000000,2004,7
Doctor Dolittle,Comedy,71000000,1998,6
Signs,Drama,72000000,2002,8
Shrek 2,Adventure,150000000,2004,5
Cars,Animation,120000000,2006,6
Runaway Bride,Comedy,70000000,1999,7
xXx,Action,70000000,2002,8
The SpongeBob Movie: Sponge Out of Water,Animation,74000000,2015,2
Ransom,Action,80000000,1996,11
Inglourious Basterds,Drama,70000000,2009,8
Hook,Adventure,70000000,1991,12
Die Hard 2,Action,70000000,1990,7
S.W.A.T.,Action,80000000,2003,8
Vanilla Sky,Drama,68000000,2001,12
Lady in the Water,Drama,75000000,2006,7
AVP: Alien vs. Predator,Adventure,70000000,2004,8
Alvin and the Chipmunks: The Squeakquel,Comedy,75000000,2009,12
We Were Soldiers,Action,75000000,2002,3
Olympus Has Fallen,Action,70000000,2013,3
Star Trek: Insurrection,Science Fiction,70000000,1998,12
Battle: Los Angeles,Action,70000000,2011,3
Big Fish,Adventure,70000000,2003,12
Wolf,Fantasy,0,1994,6
War Horse,Drama,66000000,2011,12
The Monuments Men,,70000000,2014,1
The Abyss,Adventure,70000000,1989,8
Wall Street: Money Never Sleeps,Drama,70000000,2010,9
Dracula Untold,Horror,70000000,2014,10
The Siege,Drama,70000000,1998,11
Stardust,Adventure,70000000,2007,8
Seven Years in Tibet,Adventure,70000000,1997,9
The Dilemma,Comedy,70000000,2011,1
Bad Company,Action,70000000,2002,6
Doom,Adventure,60000000,2005,10
I Spy,Action,70000000,2002,10
Underworld: Awakening,Fantasy,70000000,2012,1
Rock of Ages,Comedy,75000000,2012,6
Hart's War,Drama,70000000,2002,2
Killer Elite,Action,66000000,2011,9
Rollerball,Action,0,2002,2
Ballistic: Ecks vs. Sever,Action,70000000,2002,9
Hard Rain,Thriller,70000000,1998,1
Osmosis Jones,Adventure,75000000,2001,8
Legends of Oz: Dorothy's Return,Animation,70000000,2013,6
Blackhat,Crime,70000000,2015,1
Sky Captain and the World of Tomorrow,,70000000,2004,9
Basic Instinct 2,Crime,70000000,2006,3
Escape Plan,Action,50000000,2013,10
The Legend of Hercules,Action,70000000,2014,1
The Sum of All Fears,Thriller,68000000,2002,5
The Twilight Saga: Eclipse,Adventure,68000000,2010,6
The Score,Action,68000000,2001,7
Despicable Me,Animation,69000000,2010,7
Money Train,Action,60000000,1995,11
Ted 2,Comedy,68000000,2015,6
Agora,Adventure,70000000,2009,5
Mystery Men,Adventure,68000000,1999,8
Hall Pass,Comedy,36000000,2011,2
The Insider,Drama,90000000,1999,10
The Finest Hours,Action,80000000,2016,1
Body of Lies,Action,70000000,2008,10
Dinner for Schmucks,Comedy,69000000,2010,7
Abraham Lincoln: Vampire Hunter,Action,69000000,2012,6
Entrapment,Romance,66000000,1999,4
The X Files,,66000000,1998,6
The Last Legion,Action,67000000,2007,4
Saving Private Ryan,Drama,70000000,1998,7
Need for Speed,Action,66000000,2014,3
What Women Want,Comedy,70000000,2000,12
Ice Age,Animation,59000000,2002,3
Dreamcatcher,Drama,68000000,2003,3
Lincoln,,65000000,2012,11
The Matrix,Action,63000000,1999,3
Apollo 13,Drama,52000000,1995,6
The Santa Clause 2,Fantasy,65000000,2002,10
Les Misérables,Drama,61000000,2012,12
You've Got Mail,Comedy,65000000,1998,12
Step Brothers,Comedy,65000000,2008,7
The Mask of Zorro,Action,95000000,1998,7
Due Date,Comedy,65000000,2010,11
Unbroken,Drama,65000000,2014,12
Space Cowboys,Action,65000000,2000,7
Cliffhanger,Action,70000000,1993,5
Broken Arrow,Action,50000000,1996,2
The Kid,Fantasy,65000000,2000,7
World Trade Center,Drama,63000000,2006,8
Mona Lisa Smile,Drama,65000000,2003,12
The Dictator,Comedy,65000000,2012,5
Eyes Wide Shut,,65000000,1999,7
Annie,Comedy,65000000,2014,12
Focus,Romance,50100000,2015,2
This Means War,Action,65000000,2012,2
Blade: Trinity,Science Fiction,65000000,2004,12
Red Dawn,Action,4200000,1984,8
Primary Colors,Comedy,65000000,1998,3
Resident Evil: Retribution,Action,65000000,2012,9
Death Race,Action,45000000,2008,8
The Long Kiss Goodnight,Crime,65000000,1996,10
Proof of Life,Action,65000000,2000,12
Zathura: A Space Adventure,,65000000,2005,11
Fight Club,Drama,63000000,1999,10
We Are Marshall,Drama,65000000,2006,12
Hudson Hawk,Action,65000000,1991,5
Lucky Numbers,Action,65000000,2000,10
"I, Frankenstein",Horror,65000000,2014,1
Oliver Twist,Crime,50000000,2005,9
Elektra,Action,43000000,2005,1
Sin City: A Dame to Kill For,Crime,65000000,2014,8
Random Hearts,Drama,64000000,1999,10
Everest,Adventure,55000000,2015,9
Perfume: The Story of a Murderer,Crime,50000000,2006,9
Austin Powers in Goldmember,Comedy,63000000,2002,7
Astro Boy,Animation,65000000,2009,10
Jurassic Park,Adventure,63000000,1993,6
Wyatt Earp,Drama,63000000,1994,6
Clear and Present Danger,Action,62000000,1994,8
Dragon Blade,Action,65000000,2015,2
Little Man,Comedy,64000000,2006,8
U-571,Action,62000000,2000,4
The American President,Comedy,62000000,1995,11
The Love Guru,Comedy,62000000,2008,6
3000 Miles to Graceland,Action,62000000,2001,2
The Hateful Eight,Crime,44000000,2015,12
Blades of Glory,Action,53000000,2007,3
Hop,Animation,63000000,2011,3
300,Action,65000000,2006,12
Meet the Fockers,Comedy,80000000,2004,12
Marley & Me,Comedy,60000000,2008,12
The Green Mile,Fantasy,60000000,1999,12
Wild Hogs,Action,0,2007,3
Chicken Little,Animation,150000000,2005,11
Gone Girl,,61000000,2014,10
The Bourne Identity,Action,60000000,2002,6
GoldenEye,Adventure,58000000,1995,11
The General's Daughter,Crime,60000000,1999,6
The Truman Show,Comedy,60000000,1998,6
The Prince of Egypt,Adventure,70000000,1998,12
Daddy Day Care,Comedy,60000000,2003,5
2 Guns,Action,61000000,2013,8
Cats & Dogs,Comedy,60000000,2001,7
The Italian Job,Action,60000000,2003,5
Two Weeks Notice,Romance,60000000,2002,12
Antz,Adventure,60000000,1998,10
Couples Retreat,Comedy,70000000,2009,9
Days of Thunder,Adventure,60000000,1990,6
Cheaper by the Dozen 2,Comedy,60000000,2005,12
Maze Runner: The Scorch Trials,Action,61000000,2015,9
Eat Pray Love,Drama,60000000,2010,8
The Family Man,Comedy,60000000,2000,12
RED,Action,58000000,2010,10
Any Given Sunday,Drama,55000000,1999,12
The Horse Whisperer,Drama,60000000,1998,5
Collateral,Drama,65000000,2004,8
The Scorpion King,Action,60000000,2002,4
Ladder 49,Drama,60000000,2004,10
Jack Reacher,Crime,60000000,2012,12
Deep Blue Sea,Action,60000000,1999,7
This Is It,,60000000,2009,10
Contagion,Drama,60000000,2011,9
Kangaroo Jack,Comedy,0,2003,1
Coraline,Animation,60000000,2009,2
The Happening,Thriller,60000000,2008,6
Man on Fire,Action,70000000,2004,4
The Shaggy Dog,Comedy,50000000,2006,3
Starsky & Hutch,Comedy,60000000,2004,3
Jingle All the Way,,60000000,1996,11
Hellboy,Fantasy,66000000,2004,4
A Civil Action,Drama,70000000,1998,3
ParaNorman,,60000000,2012,8
The Jackal,Action,60000000,1997,11
Paycheck,Action,60000000,2003,12
Up Close & Personal,Drama,60000000,1996,3
The Tale of Despereaux,Adventure,60000000,2008,12
The Tuxedo,Thriller,0,2002,9
Under Siege 2: Dark Territory,Action,60000000,1995,7
Jack Ryan: Shadow Recruit,Action,60000000,2014,1
Joy,Drama,60000000,2015,12
London Has Fallen,Action,60000000,2016,3
Alien: Resurrection,Science Fiction,70000000,1997,11
Shooter,Action,61000000,2007,3
The Boxtrolls,Animation,60000000,2014,9
Practical Magic,Drama,75000000,1998,10
The Lego Movie,Adventure,60000000,2014,2
Miss Congeniality 2: Armed and Fabulous,Action,0,2005,3
Reign of Fire,Adventure,60000000,2002,7
Gangster Squad,Crime,60000000,2013,1
Year One,Comedy,60000000,2009,6
Invictus,Drama,60000000,2009,12
State of Play,Action,60000000,2009,4
Duplicity,Romance,78146652,2009,3
My Favorite Martian,Comedy,65000000,1999,2
The Sentinel,Action,60000000,2006,4
Planet 51,Science Fiction,70000000,2009,11
Star Trek: Nemesis,Science Fiction,60000000,2002,12
Intolerable Cruelty,Crime,60000000,2003,9
Trouble with the Curve,Drama,0,2012,9
Edge of Darkness,Crime,80000000,2010,1
The Relic,Horror,60000000,1997,1
Analyze That,Comedy,60000000,2002,12
Righteous Kill,Action,60000000,2008,9
Mercury Rising,Action,60000000,1998,4
The Soloist,Drama,60000000,2009,4
The Legend of Bagger Vance,Fantasy,80000000,2000,11
Almost Famous,Drama,60000000,2000,9
Garfield: A Tail of Two Kitties,Animation,0,2006,6
xXx: State of the Union,Action,60000000,2005,4
Priest,Action,60000000,2011,5
Sinbad: Legend of the Seven Seas,,60000000,2003,7
Event Horizon,Horror,60000000,1997,8
Dragonfly,Drama,60000000,2002,2
The Black Dahlia,Drama,50000000,2006,9
Flyboys,Action,60000000,2006,9
The Last Castle,Action,72000000,2001,10
Supernova,Horror,90000000,2000,1
Winter's Tale,Drama,60000000,2014,2
The Mortal Instruments: City of Bones,Action,60000000,2013,8
Meet Dave,Comedy,60000000,2008,7
Dark Water,Drama,30000000,2005,6
Edtv,Comedy,80000000,1999,3
Inkheart,Adventure,60000000,2008,12
The Spirit,Action,60000000,2008,12
Mortdecai,Comedy,60000000,2015,1
In the Name of the King: A Dungeon Siege Tale,Adventure,60000000,2007,11
Beyond Borders,Drama,35000000,2003,10
The Monkey King 2,Action,68490000,2016,1
The Great Raid,Action,80000000,2005,8
Deadpool,Action,58000000,2016,2
Holy Man,Drama,60000000,1998,10
American Sniper,,58800000,2014,12
Goosebumps,Adventure,58000000,2015,8
Just Like Heaven,Comedy,58000000,2005,9
The Flintstones in Viva Rock Vegas,Science Fiction,83000000,2000,4
Rambo III,Action,63000000,1988,5
Leatherheads,Comedy,58000000,2008,3
The Ridiculous 6,Comedy,60000000,2015,12
Did You Hear About the Morgans?,Comedy,58000000,2009,12
The Internship,Comedy,58000000,2013,6
Resident Evil: Afterlife,Action,60000000,2010,9
Red Tails,Drama,58000000,2012,1
The Devil's Advocate,Drama,57000000,1997,10
That's My Boy,Comedy,70000000,2012,6
DragonHeart,Fantasy,57000000,1996,5
After the Sunset,Action,60000000,2004,11
Ghost Rider: Spirit of Vengeance,Action,57000000,2011,12
Captain Corelli's Mandolin,Drama,57000000,2001,8
The Pacifier,Action,56000000,2005,3
Walking Tall,Adventure,56000000,2004,4
Forrest Gump,Comedy,55000000,1994,7
Alvin and the Chipmunks,Comedy,60000000,2007,12
Meet the Parents,Comedy,55000000,2000,10
Pocahontas,Adventure,55000000,1995,6
Superman,Action,55000000,1978,12
The Nutty Professor,Fantasy,54000000,1996,6
Hitch,Comedy,70000000,2005,2
George of the Jungle,Adventure,55000000,1997,7
American Wedding,Comedy,55000000,2003,8
Captain Phillips,Action,55000000,2013,10
Date Night,Comedy,55000000,2010,4
Casper,Fantasy,50000000,1995,5
The Equalizer,Thriller,55000000,2014,9
Maid in Manhattan,Comedy,55000000,2002,12
Crimson Tide,Action,53000000,1995,5
The Pursuit of Happyness,Drama,55000000,2006,12
Flightplan,Thriller,55000000,2005,9
Disclosure,Drama,55000000,1994,12
City of Angels,Drama,55000000,1998,4
Kill Bill: Vol. 1,Action,30000000,2003,10
Bowfinger,Comedy,55000000,1999,8
Kill Bill: Vol. 2,Action,30000000,2004,4
Tango & Cash,Action,55000000,1989,12
Death Becomes Her,Fantasy,55000000,1992,7
Shanghai Noon,Adventure,55000000,2000,5
Executive Decision,Action,55000000,1996,3
Mr. Popper's Penguins,Comedy,55000000,2011,6
The Forbidden Kingdom,Action,55000000,2008,4
Free Birds,Animation,55000000,2013,10
Alien³,Science Fiction,50000000,1992,5
Evita,,55000000,1996,12
Ronin,Action,55000000,1998,9
The Ghost and the Darkness,Adventure,50000000,1996,10
Paddington,,55000000,2014,11
The Watch,Comedy,68000000,2012,7
The Hunted,Drama,55000000,2003,3
Instinct,Drama,80000000,1999,6
Stuck on You,Comedy,55000000,2003,12
Semi-Pro,Comedy,0,2008,2
The Pirates! In an Adventure with Scientists!,Animation,60000000,2012,3
Changeling,Crime,55000000,2008,1
Chain Reaction,Action,50000000,1996,8
The Fan,Drama,55000000,1996,8
The Phantom of the Opera,Thriller,70000000,2004,12
Elizabeth: The Golden Age,Drama,55000000,2007,9
Æon Flux,Action,62000000,2005,11
Gods and Generals,Drama,56000000,2003,2
Turbulence,Action,55000000,1997,1
Imagine That,Comedy,55000000,2009,6
Muppets Most Wanted,Comedy,50000000,2014,3
Thunderbirds,Action,57000000,2004,7
Burlesque,Drama,55000000,2010,11
A Very Long Engagement,Drama,47000000,2004,10
Lolita,Drama,2000000,1962,6
D-Tox,Action,55000000,2002,1
Blade II,Fantasy,54000000,2002,3
Seven Pounds,Drama,55000000,2008,12
Bullet to the Head,Action,55000000,2013,1
The Godfather: Part III,Crime,54000000,1990,12
Elizabethtown,Comedy,57000000,2005,10
"You, Me and Dupree",Comedy,54000000,2006,7
Superman II,Action,54000000,1980,12
Gigli,Drama,54000000,2003,8
All the King's Men,Drama,55000000,2006,9
Shaft,Action,46000000,2000,6
Anastasia,Animation,53000000,1997,11
Moulin Rouge!,Drama,52500000,2001,3
Domestic Disturbance,,75000000,2001,10
Black Mass,Crime,53000000,2015,9
Flags of Our Fathers,,90000000,2006,10
Law Abiding Citizen,Drama,53000000,2009,10
Grindhouse,Thriller,67000000,2007,4
Beloved,Drama,0,1998,10
Lucky You,Drama,0,2007,5
Catch Me If You Can,Drama,52000000,2002,12
Zero Dark Thirty,Thriller,40000000,2012,12
The Break-Up,Romance,52000000,2006,6
Mamma Mia!,Comedy,52000000,2008,7
Valentine's Day,Comedy,52000000,2010,2
The Dukes of Hazzard,Action,50000000,2005,8
The Thin Red Line,Drama,52000000,1998,12
The Change-Up,Comedy,52000000,2011,8
Man on the Moon,Comedy,82000000,1999,12
Casino,Drama,52000000,1995,11
From Paris with Love,Action,52000000,2010,2
Bulletproof Monk,Action,52000000,2003,3
"Me, Myself & Irene",Comedy,51000000,2000,6
Barnyard,Animation,51000000,2006,8
Deck the Halls,Comedy,0,2006,11
The Twilight Saga: New Moon,Adventure,50000000,2009,3
Shrek,Adventure,60000000,2001,5
The Adjustment Bureau,Science Fiction,50200000,2011,3
Robin Hood: Prince of Thieves,Adventure,48000000,1991,6
Jerry Maguire,Comedy,50000000,1996,12
Ted,Comedy,50000000,2012,6
As Good as It Gets,Comedy,50000000,1997,12
Patch Adams,Comedy,50000000,1998,12
Anchorman 2: The Legend Continues,Comedy,50000000,2013,12
Mr. Deeds,Comedy,50000000,2002,6
Super 8,Thriller,50000000,2011,6
Erin Brockovich,Drama,52000000,2000,3
How to Lose a Guy in 10 Days,Comedy,50000000,2003,2
22 Jump Street,Crime,50000000,2014,6
Interview with the Vampire,Horror,60000000,1994,11
Yes Man,Comedy,70000000,2008,12
Central Intelligence,Action,50000000,2016,6
Stepmom,Drama,0,1998,12
Daddy's Home,Comedy,50000000,2015,12
Into the Woods,Fantasy,50000000,2014,12
Inside Man,Crime,45000000,2006,3
Payback,Drama,90000000,1999,2
Congo,Action,50000000,1995,6
We Bought a Zoo,Drama,50000000,2011,12
Knowing,Action,50000000,2009,3
Failure to Launch,Comedy,50000000,2006,3
The Ring Two,Drama,50000000,2005,3
"Crazy, Stupid, Love.",Comedy,50000000,2011,7
Garfield,Animation,50000000,2004,6
Christmas with the Kranks,Comedy,60000000,2004,11
Moneyball,Drama,50000000,2011,9
Outbreak,Action,50000000,1995,3
Non-Stop,Action,50000000,2014,1
Race to Witch Mountain,Adventure,50000000,2009,3
V for Vendetta,Action,54000000,2006,3
Shanghai Knights,Action,50000000,2003,2
Curious George,Adventure,50000000,2006,2
Herbie Fully Loaded,Comedy,50000000,2005,6
Don't Say a Word,Thriller,50000000,2001,9
Hansel & Gretel: Witch Hunters,Fantasy,50000000,2013,1
Unfaithful,Thriller,50000000,2002,5
I Am Number Four,Action,50000000,2011,2
Syriana,Drama,50000000,2005,11
13 Hours: The Secret Soldiers of Benghazi,Action,50000000,2016,1
The Book of Life,Romance,50000000,2014,10
Firewall,Thriller,45000000,2006,2
Absolute Power,Crime,50000000,1997,2
G.I. Jane,Action,50000000,1997,8
The Game,Drama,50000000,1997,9
Silent Hill,Horror,50000000,2006,4
The Replacements,Comedy,0,2000,8
American Reunion,Comedy,50000000,2012,4
The Negotiator,Action,50000000,1998,7
Into the Storm,Action,50000000,2014,8
Beverly Hills Cop III,Action,50000000,1994,5
Gremlins 2: The New Batch,Comedy,50000000,1990,6
The Judge,Drama,50000000,2014,10
The Peacemaker,Action,50000000,1997,9
Resident Evil: Apocalypse,Horror,45000000,2004,9
Bridget Jones: The Edge of Reason,Comedy,50000000,2004,11
Out of Time,Thriller,50000000,2003,10
On Deadly Ground,Action,50000000,1994,2
The Adventures of Sharkboy and Lavagirl,Adventure,50000000,2005,6
The Beach,Drama,40000000,2000,2
Raising Helen,Drama,50000000,2004,5
Ninja Assassin,Action,40000000,2009,9
For Love of the Game,Drama,50000000,1999,9
Striptease,Drama,50000000,1996,6
Marmaduke,,50000000,2010,6
Hereafter,Drama,50000000,2010,10
Murder by Numbers,Crime,50000000,2002,4
Assassins,Action,50000000,1995,10
Hannibal Rising,Crime,50000000,2007,2
The Story of Us,Comedy,50000000,1999,10
The Host,Action,44000000,2013,3
Basic,Action,50000000,2003,4
Blood Work,Crime,50000000,2002,8
The International,Drama,50000000,2009,2
Escape from L.A.,Action,50000000,1996,8
The Iron Giant,Adventure,70000000,1999,8
The Life Aquatic with Steve Zissou,Adventure,50000000,2004,12
Free State of Jones,,50000000,2016,6
The Life of David Gale,Drama,50000000,2003,2
Man of the House,Comedy,40000000,2005,2
Run All Night,Action,50000000,2015,3
Eastern Promises,Thriller,51500000,2007,9
Into the Blue,Action,50000000,2005,9
The Messenger: The Story of Joan of Arc,Adventure,60000000,1999,10
Your Highness,Comedy,49900000,2011,4
Dream House,Drama,50000000,2011,9
Mad City,Action,50000000,1997,11
Baby's Day Out,Action,50000000,1994,7
The Scarlet Letter,Drama,50000000,1995,10
Fair Game,Drama,22000000,2010,5
Domino,Action,50000000,2005,9
Jade,Action,50000000,1995,10
Gamer,Action,50000000,2009,9
Beautiful Creatures,Fantasy,60000000,2013,2
Death to Smoochy,Comedy,55000000,2002,3
Zoolander 2,Comedy,50000000,2016,2
The Big Bounce,Comedy,50000000,2004,1
What Planet Are You From?,Comedy,60000000,2000,3
Drive Angry,Fantasy,50000000,2011,2
Street Fighter: The Legend of Chun-Li,Action,50000000,2009,2
The One,Action,49000000,2001,11
The Adventures of Ford Fairlane,Action,49000000,1990,7
The Boat That Rocked,Drama,50000000,2009,4
Traffic,Thriller,48000000,2000,12
Indiana Jones and the Last Crusade,Adventure,48000000,1989,5
Anna Karenina,Drama,0,2012,9
Chappie,Crime,49000000,2015,3
The Bone Collector,Drama,73000000,1999,11
Panic Room,Crime,48000000,2002,3
The Tooth Fairy,Horror,0,2006,8
Three Kings,Action,75000000,1999,9
Child 44,Crime,50000000,2015,3
Rat Race,Adventure,48000000,2001,7
K-PAX,Drama,48000000,2001,10
Kate & Leopold,Comedy,0,2001,12
Bedazzled,Fantasy,48000000,2000,10
The Cotton Club,,58000000,1984,12
3:10 to Yuma,,55000000,2007,9
Taken 3,Thriller,48000000,2014,12
Out of Sight,Romance,48000000,1998,6
The Cable Guy,Comedy,47000000,1996,6
Earth,Drama,0,1998,9
Dick Tracy,Adventure,47000000,1990,6
The Thomas Crown Affair,Drama,48000000,1999,8
Riding in Cars with Boys,Comedy,48000000,2001,10
First Blood,Action,15000000,1982,10
Solaris,Drama,0,1972,3
Happily N'Ever After,Animation,47000000,2006,9
Mary Reilly,Drama,47000000,1996,2
My Best Friend's Wedding,Comedy,38000000,1997,6
America's Sweethearts,Comedy,0,2001,7
Insomnia,Crime,46000000,2002,5
Star Trek: First Contact,Science Fiction,46000000,1996,11
Jonah Hex,Action,47000000,2010,6
Courage Under Fire,Drama,46000000,1996,7
Liar Liar,Comedy,45000000,1997,3
The Infiltrator,Crime,25000000,2016,7
Inchon,Drama,46000000,1981,5
The Flintstones,Fantasy,46000000,1994,5
Taken 2,Action,45000000,2012,9
Scary Movie 3,Comedy,48000000,2003,10
Miss Congeniality,Comedy,45000000,2000,12
Journey to the Center of the Earth,Action,45000000,2008,7
The Princess Diaries 2: Royal Engagement,Comedy,40000000,2004,8
The Pelican Brief,Drama,45000000,1993,12
The Client,Drama,45000000,1994,7
The Bucket List,Drama,45000000,2007,12
Patriot Games,Drama,45000000,1992,6
Monster-in-Law,Romance,43000000,2005,5
Prisoners,Drama,46000000,2013,9
Training Day,Action,45000000,2001,10
Galaxy Quest,Comedy,45000000,1999,12
Scary Movie 2,Comedy,45000000,2001,7
The Muppets,Comedy,45000000,2011,11
Blade,Horror,45000000,1998,8
Coach Carter,Drama,30000000,2005,1
Changing Lanes,Action,45000000,2002,4
Anaconda,Adventure,45000000,1997,4
Coyote Ugly,Comedy,45000000,2000,7
Love Actually,Comedy,40000000,2003,9
A Bug's Life,Adventure,120000000,1998,11
From Hell,Horror,35000000,2001,10
The Specialist,Action,45000000,1994,10
Tin Cup,Comedy,45000000,1996,8
"Yours, Mine and Ours",Comedy,0,1968,4
Kicking & Screaming,Romance,45000000,2005,5
The Hitchhiker's Guide to the Galaxy,Adventure,50000000,2005,1
Fat Albert,Comedy,0,2004,12
Resident Evil: Extinction,Horror,45000000,2007,9
Blended,Comedy,40000000,2014,5
Last Holiday,Adventure,45000000,2006,1
The River Wild,Action,45000000,1994,9
The Indian in the Cupboard,Adventure,45000000,1995,7
Savages,Crime,45000000,2012,7
Cellular,Action,25000000,2004,9
Johnny English,Adventure,40000000,2003,4
The Ant Bully,Fantasy,50000000,2006,7
Dune,Action,40000000,1984,12
Across the Universe,Adventure,0,2007,9
Revolutionary Road,Drama,35000000,2008,12
16 Blocks,Action,55000000,2006,3
Babylon A.D.,Action,70000000,2008,8
The Glimmer Man,Action,45000000,1996,10
Multiplicity,Comedy,45000000,1996,7
Aliens in the Attic,Adventure,45000000,2009,7
The Pledge,Crime,35000000,2001,1
The Producers,Comedy,45000000,2005,12
The Phantom,Adventure,45000000,1996,6
All the Pretty Horses,Drama,57000000,2000,12
Nixon,,44000000,1995,12
The Ghost Writer,Thriller,45000000,2010,2
Deep Rising,Adventure,45000000,1998,1
Miracle at St. Anna,Drama,45000000,2008,9
Curse of the Golden Flower,Action,110,2006,12
Bangkok Dangerous,Action,45000000,2008,8
Big Trouble,Action,40000000,2002,4
Love in the Time of Cholera,Drama,45000000,2007,10
Shadow Conspiracy,Action,45000000,1997,1
Johnny English Reborn,Crime,45000000,2011,9
Foodfight!,Animation,65000000,2012,6
Argo,Drama,44500000,2012,10
The Fugitive,Adventure,44000000,1993,8
The Bounty Hunter,Action,40000000,2010,3
Sleepers,Crime,44000000,1996,10
Rambo: First Blood Part II,Action,44000000,1985,5
The Juror,Drama,44000000,1996,2
Pinocchio,Animation,2600000,1940,2
Heaven's Gate,Action,44000000,1980,11
Underworld: Evolution,Fantasy,50000000,2006,1
Victor Frankenstein,Drama,40000000,2015,11
Finding Forrester,Drama,43000000,2000,12
28 Days,Comedy,43000000,2000,4
Unleashed,Action,45000000,2005,2
The Sweetest Thing,Romance,43000000,2002,4
The Firm,Drama,42000000,1993,6
Charlie St. Cloud,Drama,44000000,2010,5
The Mechanic,Action,40000000,2011,1
21 Jump Street,Action,42000000,2012,3
Notting Hill,Romance,42000000,1999,5
Chicken Run,Animation,45000000,2000,6
Along Came Polly,Comedy,42000000,2004,1
Boomerang,Comedy,40000000,1992,6
The Heat,Action,43000000,2013,6
Cleopatra,Drama,31115000,1963,6
Here Comes the Boom,Comedy,0,2012,10
High Crimes,Drama,42000000,2002,4
The Mirror Has Two Faces,Comedy,42000000,1996,11
The Mothman Prophecies,Drama,32000000,2002,1
Brüno,Comedy,42000000,2009,7
Licence to Kill,Adventure,32000000,1989,7
Red Riding Hood,Fantasy,42000000,2011,3
15 Minutes,Action,60000000,2001,3
Super Mario Bros.,Adventure,48000000,1993,5
Lord of War,Crime,42000000,2005,9
Hero,Drama,31000000,2002,12
One for the Money,Action,40000000,2012,1
The Interview,Action,44000000,2014,12
The Warrior's Way,Adventure,42000000,2010,12
Micmacs,Action,33000000,2009,10
8 Mile,Drama,41000000,2002,11
Why I Did (Not) Eat My Father,Adventure,0,2015,4
A Knight's Tale,Adventure,65000000,2001,5
The Medallion,Thriller,41000000,2003,8
The Sixth Sense,,40000000,1999,8
Man on a Ledge,Action,42000000,2012,1
The Big Year,Comedy,41000000,2011,10
The Karate Kid,Drama,8000000,1984,6
American Hustle,Drama,40000000,2013,12
The Proposal,Comedy,40000000,2009,6
Double Jeopardy,Crime,70000000,1999,9
Back to the Future Part II,Adventure,40000000,1989,11
Lucy,Action,40000000,2014,7
Fifty Shades of Grey,Drama,40000000,2015,2
Spy Kids 3-D: Game Over,Action,38000000,2003,7
A Time to Kill,Crime,40000000,1996,7
Cheaper by the Dozen,Comedy,40000000,2003,12
Lone Survivor,Action,40000000,2013,12
A League of Their Own,Comedy,40000000,1992,7
The Conjuring 2,Horror,40000000,2016,5
The Social Network,Drama,40000000,2010,9
He's Just Not That Into You,Comedy,40000000,2009,2
Scary Movie 4,Comedy,45000000,2006,4
Scream 3,Horror,40000000,2000,2
Back to the Future Part III,Adventure,40000000,1990,5
Get Hard,Comedy,40000000,2015,3
Dracula,Romance,40000000,1992,11
Julie & Julia,Romance,40000000,2009,8
42,Drama,40000000,2013,4
The Talented Mr. Ripley,Thriller,40000000,1999,12
Dumb and Dumber To,Comedy,40000000,2014,11
Eight Below,Adventure,40000000,2006,2
The Intern,Comedy,35000000,2015,9
Ride Along 2,Action,40000000,2016,1
The Last of the Mohicans,Action,40000000,1992,9
Ray,Drama,40000000,2004,10
Sin City,Action,40000000,2005,4
Vantage Point,Drama,40000000,2008,2
"I Love You, Man",Comedy,41000000,2009,3
Shallow Hal,Comedy,40000000,2001,11
JFK,Drama,40000000,1991,12
Big Momma's House 2,Comedy,40000000,2006,1
The Mexican,Action,57000000,2001,3
17 Again,Comedy,20000000,2009,3
The Other Woman,Comedy,40000000,2014,4
The Final Destination,Horror,40000000,2009,8
Bridge of Spies,Thriller,40000000,2015,10
Behind Enemy Lines,Action,40000000,2001,11
Get Him to the Greek,Comedy,40000000,2010,6
Shall We Dance?,Drama,50000000,2004,10
Small Soldiers,Comedy,40000000,1998,7
Spawn,Action,40000000,1997,7
The Count of Monte Cristo,Action,35000000,2002,1
The Lincoln Lawyer,Crime,40000000,2011,3
Unknown,Action,30000000,2011,2
The Prestige,Drama,40000000,2006,10
Horrible Bosses 2,Comedy,42000000,2014,11
Escape from Planet Earth,Animation,40000000,2013,2
Apocalypto,Action,40000000,2006,12
The Living Daylights,Action,40000000,1987,6
Predators,Action,40000000,2010,7
Legal Eagles,Comedy,0,1986,6
Secret Window,Thriller,40000000,2004,3
The Lake House,Romance,40000000,2006,6
The Skeleton Key,Drama,43000000,2005,7
The Odd Life of Timothy Green,Fantasy,0,2012,8
Made of Honor,Comedy,40000000,2008,5
Jersey Boys,,40000000,2014,6
The Rainmaker,Drama,40000000,1997,11
Gothika,Horror,40000000,2003,11
Amistad,Drama,36000000,1997,12
Medicine Man,Adventure,40000000,1992,2
Aliens vs Predator: Requiem,Fantasy,40000000,2007,12
Ri¢hie Ri¢h,Comedy,40000000,1994,12
Autumn in New York,Drama,65000000,2000,8
Music and Lyrics,Comedy,40000000,2007,2
Paul,Adventure,40000000,2011,2
The Guilt Trip,Comedy,40000000,2012,12
Scream 4,Horror,40000000,2011,4
8MM,Thriller,40000000,1999,2
The Doors,Drama,38000000,1991,3
Sex Tape,Comedy,40000000,2014,7
Hanging Up,Comedy,40000000,2000,2
Final Destination 5,Horror,47000000,2011,8
Mickey Blue Eyes,Comedy,0,1999,8
Pay It Forward,Drama,40000000,2000,10
Fever Pitch,Comedy,30000000,2005,4
Drillbit Taylor,Comedy,40000000,2008,3
A Million Ways to Die in the West,Comedy,0,2014,5
The Shadow,Adventure,25000000,1994,7
Extremely Loud & Incredibly Close,Drama,40000000,2011,12
Morning Glory,Comedy,40000000,2010,1
Get Rich or Die Tryin',Drama,40000000,2005,11
The Art of War,Crime,40000000,2000,8
Rent,Drama,40000000,2005,11
Bless the Child,Drama,40000000,2000,8
The Out-of-Towners,Comedy,75000000,1999,4
The Island of Dr. Moreau,Fantasy,40000000,1996,8
The Musketeer,Action,40000000,2001,9
The Other Boleyn Girl,Drama,35000000,2008,2
Sweet November,Drama,40000000,2001,2
The Reaping,Horror,40000000,2007,4
Mean Streets,Drama,500000,1973,10
Renaissance Man,Comedy,40000000,1994,6
Colombiana,Action,40000000,2011,7
Quest for Camelot,Fantasy,40000000,1998,5
City By The Sea,Crime,40000000,2002,9
At First Sight,Drama,0,1999,1
Torque,Action,40000000,2004,1
City Hall,Drama,0,1996,2
Showgirls,Drama,45000000,1995,9
Marie Antoinette,Drama,40000000,2006,5
Kiss of Death,Action,40000000,1995,4
Get Carter,Action,63600000,2000,10
The Impossible,Thriller,42000000,2012,9
Ishtar,Action,55000000,1987,5
Fantastic Mr. Fox,Adventure,40000000,2009,10
Life or Something Like It,Comedy,40000000,2002,4
Memoirs of an Invisible Man,Comedy,40000000,1992,2
Amélie,Comedy,10000000,2001,4
New York Minute,Comedy,0,2004,5
Alfie,Comedy,60000000,2004,10
Big Miracle,Adventure,40000000,2012,2
The Deep End of the Ocean,Drama,38000000,1999,3
FearDotCom,Horror,40000000,2002,8
Cirque du Freak: The Vampire's Assistant,Adventure,40000000,2009,10
Duplex,Action,40000000,2003,9
Soul Men,Comedy,0,2008,11
Raise the Titanic,Action,0,1980,1
Universal Soldier: The Return,Action,45000000,1999,8
Pandorum,Action,33000000,2009,9
Impostor,Action,40000000,2001,12
Extreme Ops,Action,40000000,2002,11
Just Visiting,Comedy,0,2001,4
Sunshine,Science Fiction,50000000,2007,4
A Thousand Words,Drama,40000000,2012,3
Delgo,Adventure,40000000,2008,12
The Gunman,Action,40000000,2015,2
Stormbreaker,Adventure,40000000,2006,7
Disturbia,Thriller,20000000,2007,4
Hackers,Action,20000000,1995,9
The Hunting Party,Action,0,2007,9
The Hudsucker Proxy,Comedy,30000000,1994,3
The Warlords,Action,40000000,2007,12
Nomad: The Warrior,Action,25000000,2005,7
Snowpiercer,Action,39200000,2013,8
A Monster in Paris,Adventure,25000000,2011,10
The Last Shot,Action,0,2004,9
The Crow,Fantasy,15000000,1994,5
Baahubali: The Beginning,Action,40000000,2015,7
The Time Traveler's Wife,Drama,39000000,2009,8
Because I Said So,Comedy,0,2007,2
Frankenweenie,Animation,39000000,2012,10
Serenity,Science Fiction,39000000,2005,8
Against the Ropes,Romance,39000000,2004,2
Superman III,Comedy,39000000,1983,6
Grudge Match,Comedy,40000000,2013,12
Red Cliff,Adventure,80341000,2008,7
Sweet Home Alabama,Comedy,30000000,2002,9
The Ugly Truth,Comedy,38000000,2009,7
Sgt. Bilko,Comedy,0,1996,3
Spy Kids 2: The Island of Lost Dreams,Action,38000000,2002,8
Star Trek: Generations,Science Fiction,38000000,1994,11
The Grandmaster,Action,3860000,2013,1
Water for Elephants,Drama,38000000,2011,3
Dragon Nest: Warriors' Dawn,Adventure,40000000,2014,5
The Hurricane,Drama,50000000,1999,9
Enough,Drama,38000000,2002,5
Heartbreakers,Crime,35000000,2001,3
Paul Blart: Mall Cop 2,Action,38000000,2015,4
Angel Eyes,Drama,53000000,2001,5
Joe Somebody,Comedy,38000000,2001,12
The Ninth Gate,Horror,38000000,1999,8
Extreme Measures,Drama,38000000,1996,9
Rock Star,,57000000,2001,9
Precious,Drama,10000000,2009,11
White Squall,Action,38000000,1996,2
The Thing,Horror,15000000,1982,6
Riddick,Science Fiction,38000000,2013,9
Switchback,Action,37000000,1997,10
Texas Rangers,Action,0,2001,11
City of Ember,Adventure,55000000,2008,10
The Master,Drama,32000000,2012,9
Virgin Territory,Adventure,38000000,2007,12
The Express,Drama,40000000,2008,10
The 5th Wave,Adventure,38000000,2016,1
Creed,Drama,37000000,2015,11
The Town,Crime,37000000,2010,9
What to Expect When You're Expecting,Romance,40000000,2012,5
Burn After Reading,Comedy,37000000,2008,9
Nim's Island,Adventure,37000000,2008,4
Rush,Drama,38000000,2013,9
Magnolia,Drama,37000000,1999,12
Cop Out,Action,30000000,2010,2
How to Be Single,Comedy,38000000,2016,1
Dolphin Tale,Drama,37000000,2011,9
Twilight,Adventure,37000000,2008,11
John Q,Drama,36000000,2002,2
Blue Streak,Action,65000000,1999,9
We're the Millers,Comedy,37000000,2013,8
The Inhabited Island,Action,36500000,2008,12
Breakdown,Drama,36000000,1997,5
Never Say Never Again,Adventure,36000000,1983,10
Hot Tub Time Machine,Science Fiction,36000000,2010,3
Dolphin Tale 2,,36000000,2014,9
Reindeer Games,Thriller,42000000,2000,2
A Man Apart,Action,36000000,2003,4
Aloha,Drama,37000000,2015,5
Ghosts of Mississippi,,0,1996,12
Snow Falling on Cedars,Drama,0,1999,12
The Rite,Drama,37000000,2011,1
Gattaca,Thriller,36000000,1997,9
Isn't She Great,Drama,36000000,2000,1
Space Chimps,Animation,37000000,2008,7
Head of State,Comedy,0,2003,1
The Hangover,Comedy,35000000,2009,6
Ip Man 3,Action,36000000,2015,12
Austin Powers: The Spy Who Shagged Me,Adventure,33000000,1999,6
Batman,Fantasy,35000000,1989,6
There Be Dragons,Drama,0,2011,3
Lethal Weapon 3,Adventure,35000000,1992,5
The Blind Side,Drama,29000000,2009,11
Spy Kids,Action,35000000,2001,3
Horrible Bosses,Comedy,35000000,2011,7
True Grit,Drama,38000000,2010,12
The Devil Wears Prada,Comedy,35000000,2006,6
Star Trek: The Motion Picture,Science Fiction,35000000,1979,12
Identity Thief,Comedy,35000000,2013,2
Cape Fear,Crime,35000000,1991,11
21,Drama,35000000,2008,3
Trainwreck,Comedy,35000000,2015,7
Guess Who,Comedy,35000000,2005,3
The English Patient,Drama,27000000,1996,11
L.A. Confidential,Crime,35000000,1997,9
Sky High,Adventure,35000000,2005,7
In & Out,Comedy,35000000,1997,9
Species,Science Fiction,35000000,1995,7
A Nightmare on Elm Street,Horror,1800000,1984,11
The Cell,Horror,33000000,2000,8
The Man in the Iron Mask,Action,0,1998,3
Secretariat,Drama,35000000,2010,8
TMNT,Adventure,34000000,2007,3
Radio,Drama,32000000,2003,10
Friends with Benefits,Romance,35000000,2011,7
Neighbors 2: Sorority Rising,Comedy,35000000,2016,5
Saving Mr. Banks,Comedy,35000000,2013,11
Malcolm X,Drama,34000000,1992,11
This Is 40,Comedy,35000000,2012,12
Old Dogs,Comedy,35000000,2009,11
Underworld: Rise of the Lycans,Fantasy,35000000,2009,1
License to Wed,Comedy,35000000,2007,7
The Benchwarmers,Comedy,0,2006,4
Must Love Dogs,Comedy,30000000,2005,7
Donnie Brasco,Crime,35000000,1997,2
Resident Evil,Horror,33000000,2002,3
Poltergeist,Horror,10700000,1982,6
The Ladykillers,Comedy,0,2004,3
Max Payne,Action,35000000,2008,10
In Time,Action,40000000,2011,10
The Back-Up Plan,Comedy,35000000,2010,4
Something Borrowed,Comedy,35000000,2011,5
Black Knight,Adventure,0,2001,11
The Bad News Bears,Comedy,35000000,1976,4
Street Fighter,Action,35000000,1994,12
The Pianist,Drama,35000000,2002,9
The Nativity Story,Drama,35000000,2006,12
House of Wax,Horror,40000000,2005,4
Closer,Drama,27000000,2004,12
J. Edgar,Drama,35000000,2011,11
Mirrors,Horror,35000000,2008,8
Queen of the Damned,Drama,35000000,2002,2
Predator 2,Science Fiction,35000000,1990,11
Untraceable,Drama,35000000,2008,1
Blast from the Past,Comedy,35000000,1999,2
Flash Gordon,Science Fiction,35000000,1980,9
Jersey Girl,Comedy,35000000,2004,3
Alex Cross,Action,45000000,2012,10
Midnight in the Garden of Good and Evil,Crime,35000000,1997,11
Heist,Crime,8900000,2015,11
Nanny McPhee and the Big Bang,Comedy,35000000,2010,3
Hoffa,Crime,35000000,1992,12
The X Files: I Want to Believe,Drama,30000000,2008,7
Ella Enchanted,,31000000,2004,4
Concussion,Drama,35000000,2015,11
Abduction,Thriller,35000000,2011,9
Valiant,Animation,35000000,2005,3
Wonder Boys,Comedy,35000000,2000,2
Superhero Movie,Action,35000000,2008,3
Broken City,Thriller,56000000,2013,1
Cursed,Horror,35000000,2005,2
Premium Rush,Crime,35000000,2012,8
Hot Pursuit,Action,35000000,2015,5
The Four Feathers,,35000000,2002,9
Parker,Action,35000000,2013,1
Wimbledon,Comedy,31000000,2004,9
Furry Vengeance,Comedy,35000000,2010,4
Bait,Action,30000000,2012,9
Krull,Fantasy,27000000,1983,7
Lions for Lambs,Action,35000000,2007,10
Flight of the Intruder,Action,35000000,1991,1
Walk Hard: The Dewey Cox Story,Comedy,35000000,2007,12
The Shipping News,Drama,0,2001,12
American Outlaws,Action,35000000,2001,8
The Young Victoria,Drama,35000000,2009,3
Whiteout,Action,40000000,2009,9
The Tree of Life,Drama,32000000,2011,5
Knock Off,Action,33000000,1998,9
Sabotage,Action,35000000,2014,3
The Order,Drama,35000000,2003,9
Punisher: War Zone,Action,20500000,2008,12
Zoom,,35000000,2006,8
The Walk,Adventure,35000000,2015,9
Warriors of Virtue,Fantasy,0,1997,5
A Good Year,Comedy,35000000,2006,9
Radio Flyer,Drama,35000000,1992,2
Bound by Honor,Action,35000000,1993,2
Smilla's Sense of Snow,Action,35000000,1997,2
Femme Fatale,Thriller,35000000,2002,11
Lion of the Desert,Action,35000000,1981,4
The Horseman on the Roof,,35000000,1995,9
Ride with the Devil,Drama,38000000,1999,11
Biutiful,Drama,0,2010,10
Bandidas,Action,35000000,2006,1
Black Water Transit,Drama,0,2009,5
The Maze Runner,Action,34000000,2014,9
Unfinished Business,Comedy,35000000,2015,3
The Age of Innocence,Drama,34000000,1993,9
The Fountain,Drama,35000000,2006,9
Chill Factor,Action,70000000,1999,9
Stolen,Action,35000000,2012,5
Ponyo,Animation,41677699,2008,7
The Longest Ride,Drama,34000000,2015,4
The Astronaut's Wife,Drama,75000000,1999,8
I Dreamed of Africa,Romance,34000000,2000,5
Playing for Keeps,Comedy,35000000,2012,11
Mandela: Long Walk to Freedom,Drama,35000000,2013,12
Reds,Drama,32000000,1981,12
A Few Good Men,Drama,40000000,1992,12
Exit Wounds,Action,50000000,2001,3
Big Momma's House,Crime,30000000,2000,5
Thunder and the House of Magic,,34000000,2013,12
The Darkest Hour,Horror,30000000,2011,12
Step Up Revolution,,33000000,2012,7
Snakes on a Plane,Action,33000000,2006,8
The Watcher,,33000000,2000,9
The Punisher,Action,33000000,2004,4
Goal!: The Dream Begins,Drama,30000000,2005,6
Safe,Action,30000000,2012,4
Pushing Tin,Comedy,33000000,1999,4
Return of the Jedi,Adventure,32350000,1983,5
Doomsday,Action,30000000,2008,3
The Reader,Drama,32000000,2008,12
Wanderlust,Comedy,35000000,2012,2
Elf,Comedy,32000000,2003,10
Phenomenon,Drama,32000000,1996,7
Snow Dogs,Adventure,33000000,2002,1
Scrooged,Fantasy,0,1988,11
Nacho Libre,Comedy,32000000,2006,6
Bridesmaids,Comedy,32500000,2011,4
This Is the End,Action,32000000,2013,6
Stigmata,Horror,29000000,1999,9
Men of Honor,Drama,32000000,2000,9
Takers,Action,32000000,2010,8
The Big Wedding,Comedy,35000000,2013,4
"Big Mommas: Like Father, Like Son",Crime,32000000,2011,2
Source Code,Thriller,32000000,2011,3
Alive,Action,32000000,1993,1
The Number 23,Thriller,30000000,2007,2
The Young and Prodigious T.S. Spivet,Adventure,33000000,2013,10
1941,Action,35000000,1979,12
Dreamer: Inspired By a True Story,Drama,0,2005,9
A History of Violence,Drama,32000000,2005,9
Transporter 2,Action,32000000,2005,8
The Quick and the Dead,Action,32000000,1995,2
Laws of Attraction,Action,28000000,2004,4
Bringing Out the Dead,Drama,32000000,1999,10
Repo Men,Action,32000000,2010,3
Dragon Wars: D-War,Fantasy,70000000,2007,2
Bogus,Fantasy,32000000,1996,9
The Incredible Burt Wonderstone,Comedy,30000000,2013,3
Cats Don't Dance,Animation,32000000,1997,3
Cradle Will Rock,Drama,0,1999,12
The Good German,,32000000,2006,12
George and the Dragon,Adventure,32000000,2004,3
Apocalypse Now,Drama,31500000,1979,8
Going the Distance,Comedy,32000000,2010,9
Mr. Holland's Opus,,0,1995,12
Criminal,Action,31500000,2016,4
Out of Africa,Drama,31000000,1985,12
Flight,Drama,31000000,2012,11
Moonraker,Action,34000000,1979,6
The Grand Budapest Hotel,Comedy,30000000,2014,2
Hearts in Atlantis,Drama,31000000,2001,9
Arachnophobia,Comedy,31000000,1990,8
Frequency,Crime,31000000,2000,4
Vacation,Comedy,31000000,2015,7
Get Shorty,Comedy,30250000,1995,10
Chicago,Action,45000000,2002,12
Big Daddy,Comedy,34200000,1999,6
American Pie 2,Comedy,30000000,2001,8
Toy Story,Animation,30000000,1995,10
Speed,Action,30000000,1994,6
The Vow,Drama,30000000,2012,2
Extraordinary Measures,Drama,31000000,2010,1
Remember the Titans,Drama,30000000,2000,9
The Hunt for Red October,Action,30000000,1990,3
The Butler,Drama,25000000,2013,8
DodgeBall: A True Underdog Story,Comedy,20000000,2004,6
The Addams Family,Horror,30000000,1991,11
Ace Ventura: When Nature Calls,Crime,30000000,1995,11
The Princess Diaries,Comedy,37000000,2001,8
The First Wives Club,Comedy,26000000,1996,9
Se7en,Crime,33000000,1995,9
District 9,Science Fiction,30000000,2009,8
The SpongeBob SquarePants Movie,Animation,30000000,2004,11
Mystic River,Thriller,25000000,2003,10
Million Dollar Baby,Drama,30000000,2004,12
Analyze This,Comedy,80000000,1999,3
The Notebook,Romance,29000000,2004,6
27 Dresses,Comedy,30000000,2008,1
Hannah Montana: The Movie,Comedy,35000000,2009,4
Rugrats in Paris: The Movie,Adventure,30,2000,9
The Prince of Tides,Drama,30000000,1991,12
Legends of the Fall,Adventure,30000000,1994,12
Up in the Air,Drama,25000000,2009,9
About Schmidt,Drama,30000000,2002,12
Warm Bodies,Horror,35000000,2013,1
Looper,Action,30000000,2012,9
Down to Earth,Fantasy,0,2001,2
Babe,Fantasy,30000000,1995,7
Hope Springs,Drama,30000000,2012,8
Forgetting Sarah Marshall,Comedy,30000000,2008,4
Four Brothers,Action,45000000,2005,8
Baby Mama,Comedy,30000000,2008,4
Hope Floats,Drama,0,1998,5
Bride Wars,Comedy,30000000,2009,1
Without a Paddle,Action,19000000,2004,8
13 Going on 30,Comedy,37000000,2004,4
Midnight in Paris,Fantasy,30000000,2011,5
The Nut Job,Animation,0,2014,1
Blow,Crime,53000000,2001,4
Message in a Bottle,Romance,80000000,1999,2
Star Trek V: The Final Frontier,Science Fiction,30000000,1989,6
Like Mike,Comedy,30000000,2002,7
The Naked Gun 33⅓: The Final Insult,Comedy,30000000,1994,3
A View to a Kill,Adventure,30000000,1985,5
The Curse of the Were-Rabbit,Adventure,30000000,2005,9
P.S. I Love You,Drama,30000000,2007,11
Racing Stripes,Comedy,30000000,2005,1
Atonement,Drama,30000000,2007,8
Letters to Juliet,Comedy,30000000,2010,5
Black Rain,Action,30000000,1989,9
The Three Stooges,Comedy,30000000,2012,4
Corpse Bride,Romance,40000000,2005,9
Glory Road,Drama,0,2006,1
Sicario,Action,30000000,2015,9
Southpaw,Action,30000000,2015,6
Drag Me to Hell,Horror,30000000,2009,3
The Age of Adaline,Fantasy,25000000,2015,4
Secondhand Lions,Comedy,0,2003,9
Step Up 3D,Drama,30000000,2010,8
Blue Crush,Adventure,25000000,2002,8
Stranger Than Fiction,Comedy,30000000,2006,9
30 Days of Night,Horror,30000000,2007,10
The Cabin in the Woods,Horror,30000000,2012,4
Meet the Spartans,Comedy,30000000,2008,1
Midnight Run,Adventure,30000000,1988,7
The Running Man,Action,27000000,1987,11
Little Shop of Horrors,Horror,25000000,1986,12
Hanna,Action,30000000,2011,4
Mortal Kombat: Annihilation,Action,30000000,1997,11
Larry Crowne,Comedy,30000000,2011,6
Carrie,Drama,30000000,2013,10
Take the Lead,,30000000,2006,3
Gridiron Gang,Action,30000000,2006,9
What's the Worst That Could Happen?,Action,45000000,2001,5
9,Action,30000000,2009,8
Side Effects,Thriller,30000000,2013,2
The Prince & Me,Comedy,0,2004,3
Winnie the Pooh,Animation,30000000,2011,4
Dumb and Dumberer: When Harry Met Lloyd,Comedy,19000000,2003,6
Bulworth,Comedy,30000000,1998,5
Get on Up,Drama,0,2014,8
One True Thing,Drama,0,1998,9
Virtuosity,Action,30000000,1995,8
My Super Ex-Girlfriend,Fantasy,0,2006,6
Deliver Us from Evil,Thriller,30000000,2014,7
Sanctum,Action,30000000,2011,2
Little Black Book,Comedy,35000000,2004,8
The Five-Year Engagement,Comedy,30000000,2012,4
Mr. 3000,Comedy,30000000,2004,6
The Next Three Days,Romance,30000000,2010,11
Ultraviolet,Science Fiction,30000000,2006,3
Assault on Precinct 13,Thriller,30000000,2005,1
The Replacement Killers,Action,30000000,1998,2
Fled,Action,25000000,1996,7
Eight Legged Freaks,Action,0,2002,7
Love & Other Drugs,Drama,30000000,2010,11
88 Minutes,Crime,30000000,2007,2
North Country,Drama,35000000,2005,2
The Whole Ten Yards,Comedy,40000000,2004,4
Splice,Horror,26000000,2009,10
Howard the Duck,Comedy,37000000,1986,8
Pride and Glory,Thriller,30000000,2008,9
The Cave,Action,30000000,2005,8
Alex & Emma,Comedy,30000000,2003,6
Wicker Park,Drama,30000000,2004,9
Fright Night,Horror,17000000,2011,8
The New World,Drama,30000000,2005,12
Wing Commander,Action,30000000,1999,3
In Dreams,Drama,0,1999,1
Dragonball Evolution,Action,100000000,2009,4
The Last Stand,Action,30000000,2013,1
Godsend,Drama,25000000,2004,4
Chasing Liberty,Comedy,23000000,2004,1
Hoodwinked Too! Hood VS. Evil,Comedy,30000000,2011,4
An Unfinished Life,Drama,30000000,2005,9
The Imaginarium of Doctor Parnassus,Adventure,30000000,2009,10
Barney's Version,Comedy,30000000,2010,10
Runner Runner,Crime,30000000,2013,9
Antitrust,Action,30000000,2001,1
Glory,,18000000,1989,12
Once Upon a Time in America,Drama,30000000,1984,2
Dead Man Down,Thriller,0,2013,3
The Merchant of Venice,Drama,0,2004,9
The Good Thief,Crime,0,2003,4
Supercross,Action,0,2005,8
Miss Potter,Drama,30000000,2006,12
The Promise,Fantasy,0,2005,12
DOA: Dead or Alive,Adventure,21000000,2006,9
The Assassination of Jesse James by the Coward Robert Ford,Action,30000000,2007,9
1911,Adventure,30000000,2011,7
Little Nicholas,Comedy,0,2009,9
Wild Card,Thriller,30000000,2015,1
Machine Gun Preacher,Action,30000000,2011,9
Animals United,Animation,0,2010,10
Goodbye Bafana,,30000000,2007,2
United Passions,Drama,27000000,2014,6
Grace of Monaco,Romance,30000000,2014,5
Savva. Heart of the Warrior,Fantasy,30000000,2015,11
Ripley's Game,Crime,30000000,2002,9
Sausage Party,Adventure,19000000,2016,7
Pitch Perfect 2,Comedy,29000000,2015,5
Walk the Line,Drama,28000000,2005,9
Keeping the Faith,Comedy,30000000,2000,4
The Borrowers,Adventure,29000000,1997,12
Frost/Nixon,Drama,0,2008,10
Confessions of a Dangerous Mind,Comedy,30000000,2002,12
Serving Sara,Comedy,29000000,2002,8
The Boss,Comedy,29000000,2016,4
Cry Freedom,Drama,0,1987,11
Mumford,Comedy,0,1999,9
Seed of Chucky,Drama,12000000,2004,11
The Jacket,Drama,29000000,2005,3
Aladdin,Animation,28000000,1992,11
Straight Outta Compton,Drama,28000000,2015,8
Indiana Jones and the Temple of Doom,Adventure,28000000,1984,5
The Rugrats Movie,Animation,30000000,1998,11
Along Came a Spider,Crime,60000000,2001,4
Florence Foster Jenkins,Comedy,29000000,2016,5
Once Upon a Time in Mexico,Action,29000000,2003,9
Die Hard,Action,28000000,1988,7
Role Models,Comedy,28000000,2008,2
The Big Short,Comedy,28000000,2015,12
Taking Woodstock,,0,2009,9
Miracle,Drama,28000000,2004,2
Dawn of the Dead,Fantasy,28000000,2004,3
The Wedding Planner,Comedy,35000000,2001,1
Space Pirate Captain Harlock,Animation,30000000,2013,9
The Royal Tenenbaums,Comedy,21000000,2001,10
Identity,,30000000,2003,4
Last Vegas,Comedy,28000000,2013,10
For Your Eyes Only,Adventure,28000000,1981,6
Serendipity,Comedy,28000000,2001,10
Timecop,Thriller,27000000,1994,9
Zoolander,Comedy,28000000,2001,9
Safe Haven,Romance,28000000,2013,2
Hocus Pocus,Comedy,28000000,1993,7
No Reservations,Comedy,28000000,2007,7
Kick-Ass,Action,28000000,2010,3
30 Minutes or Less,Action,28000000,2011,8
Dracula 2000,Thriller,28000000,2000,12
"Alexander and the Terrible, Horrible, No Good, Very Bad Day",,28000000,2014,10
Pride & Prejudice,Drama,28000000,2005,9
Blade Runner,Science Fiction,28000000,1982,6
Rob Roy,Adventure,28000000,1995,4
3 Days to Kill,Action,28000000,2014,2
We Own the Night,Drama,21000000,2007,5
Lost Souls,Horror,0,2000,10
Winged Migration,,35866397,2001,12
Just My Luck,Comedy,28000000,2006,5
"Mystery, Alaska",Drama,28000000,1999,10
The Spy Next Door,Action,28000000,2010,1
A Simple Wish,Adventure,28000000,1997,7
Ghosts of Mars,Action,28000000,2001,8
Our Brand Is Crisis,Comedy,28000000,2015,9
Pride and Prejudice and Zombies,Romance,28000000,2016,2
Kundun,Drama,28000000,1997,12
How to Lose Friends & Alienate People,Comedy,27000000,2008,10
Kick-Ass 2,Action,28000000,2013,7
Alatriste,Action,24000000,2006,9
Brick Mansions,Action,28000000,2014,4
Octopussy,Adventure,27500000,1983,6
Knocked Up,Comedy,30000000,2007,6
My Sister's Keeper,Drama,30000000,2009,6
Welcome Home Roscoe Jenkins,Comedy,35000000,2008,2
A Passage to India,Drama,8000000,1984,12
Notes on a Scandal,Drama,15000000,2006,12
Rendition,Drama,27500000,2007,9
Star Trek VI: The Undiscovered Country,Science Fiction,27000000,1991,12
Divine Secrets of the Ya-Ya Sisterhood,Comedy,27000000,2002,6
Kiss the Girls,Drama,27000000,1997,10
The Blues Brothers,,27000000,1980,6
The Sisterhood of the Traveling Pants 2,Adventure,27000000,2008,8
Joyful Noise,Comedy,0,2012,1
About a Boy,Drama,27000000,2002,4
Lake Placid,Horror,27000000,1999,7
Lucky Number Slevin,Drama,27000000,2006,2
The Right Stuff,Drama,27000000,1983,10
Anonymous,Drama,30000000,2011,10
The NeverEnding Story,Drama,27000000,1984,4
Dark City,,27000000,1998,2
The Duchess,Drama,0,2008,9
Return to Oz,Adventure,25000000,1985,6
The Newton Boys,Crime,27000000,1998,3
Case 39,Horror,27000000,2009,8
Suspect Zero,Crime,27000000,2004,8
Martian Child,Drama,0,2007,11
Spy Kids: All the Time in the World,,27000000,2011,8
Money Monster,Thriller,27000000,2016,5
The 51st State,Thriller,28,2001,12
Flawless,Comedy,0,1999,11
Mindhunters,,27000000,2004,5
What Just Happened,Comedy,25000000,2008,10
The Statement,Drama,0,2003,12
The Magic Flute,Comedy,0,2006,9
Paul Blart: Mall Cop,Action,26000000,2009,1
Freaky Friday,Comedy,26000000,2003,8
The 40 Year Old Virgin,Comedy,26000000,2005,8
Shakespeare in Love,Romance,25000000,1998,12
A Walk Among the Tombstones,Crime,28000000,2014,9
Kindergarten Cop,Comedy,15000000,1990,12
Pineapple Express,Action,27000000,2008,8
Ever After: A Cinderella Story,Drama,26000000,1998,7
Open Range,,22000000,2003,8
Flatliners,Drama,26000000,1990,8
A Bridge Too Far,Drama,22000000,1977,6
Red Eye,Horror,26000000,2005,8
Final Destination 2,Horror,26000000,2003,1
"O Brother, Where Art Thou?",Action,26000000,2000,8
Legion,Horror,26000000,2010,1
Pain & Gain,Thriller,25000000,2013,4
In Good Company,Comedy,0,2004,12
Clockstoppers,Adventure,26000000,2002,3
Silverado,Action,26000000,1985,7
Brothers,Drama,26000000,2009,1
Agent Cody Banks 2: Destination London,Comedy,26000000,2004,12
New Year's Eve,Comedy,56000000,2011,12
Original Sin,Drama,42000000,2001,8
The Raven,Crime,26000000,2012,3
Welcome to Mooseport,Comedy,30000000,2004,2
Highlander: The Final Dimension,Action,26000000,1994,11
Blood and Wine,Crime,26000000,1996,10
Snow White: A Tale of Terror,Fantasy,26000000,1997,7
The Curse of the Jade Scorpion,Comedy,0,2001,8
Accidental Love,Romance,26000000,2015,2
Flipper,Adventure,25530000,1996,5
Self/less,Science Fiction,26000000,2015,7
The Constant Gardener,Drama,25000000,2005,8
The Passion of the Christ,Drama,30000000,2004,2
Mrs. Doubtfire,Comedy,25000000,1993,11
Rain Man,Drama,25000000,1988,12
Gran Torino,Drama,33000000,2008,12
W.,Drama,25100000,2008,10
Taken,Action,25000000,2008,2
The Best of Me,Drama,26000000,2014,10
The Bodyguard,Thriller,25000000,1992,11
Schindler's List,Drama,22000000,1993,11
The Help,Drama,25000000,2011,8
The Fifth Estate,Drama,28000000,2013,10
Scooby-Doo 2: Monsters Unleashed,,0,2004,3
Forbidden Kingdom,Thriller,26000000,2014,1
Freddy vs. Jason,Horror,30000000,2003,8
The Face of an Angel,Thriller,0,2014,9
Jimmy Neutron: Boy Genius,Action,25000000,2001,12
Cloverfield,Action,25000000,2008,1
Teenage Mutant Ninja Turtles II: The Secret of the Ooze,Science Fiction,25000000,1991,3
The Untouchables,Crime,25000000,1987,6
No Country for Old Men,Crime,25000000,2007,11
Ride Along,Action,25000000,2014,1
Bridget Jones's Diary,Comedy,25000000,2001,4
Chocolat,Comedy,25000000,2000,12
"Legally Blonde 2: Red, White & Blonde",Comedy,45000000,2003,7
Parental Guidance,Comedy,25000000,2012,12
No Strings Attached,Comedy,25000000,2011,1
Tombstone,Action,25000000,1993,12
Romeo Must Die,Action,25000000,2000,3
The Omen,Horror,2800000,1976,6
Final Destination 3,Horror,25000000,2006,2
The Lucky One,Drama,25000000,2012,4
Bridge to Terabithia,Adventure,60000000,2007,2
Finding Neverland,Drama,25000000,2004,10
A Madea Christmas,Comedy,0,2013,12
The Grey,Action,25000000,2012,1
Hide and Seek,Horror,25000000,2005,1
Anchorman: The Legend of Ron Burgundy,Comedy,26000000,2004,7
GoodFellas,Drama,25000000,1990,9
Agent Cody Banks,Action,28000000,2003,3
Nanny McPhee,Fantasy,25000000,2005,10
Scarface,Action,25000000,1983,12
Nothing to Lose,Action,25000000,1997,7
The Last Emperor,Drama,23000000,1987,10
Contraband,Thriller,25000000,2012,1
Money Talks,Action,0,1997,8
There Will Be Blood,Drama,25000000,2007,12
The Wild Thornberrys Movie,Animation,35000000,2002,12
Rugrats Go Wild,Animation,0,2003,6
Undercover Brother,Action,25000000,2002,5
The Sisterhood of the Traveling Pants,Drama,25000000,2005,6
Kiss of the Dragon,Action,25000000,2001,7
The House Bunny,Romance,25000000,2008,8
Beauty Shop,Comedy,25000000,2005,6
Million Dollar Arm,Drama,25000000,2014,5
The Giver,Drama,25000000,2014,8
What a Girl Wants,Comedy,0,2003,3
Jeepers Creepers 2,Horror,17000000,2003,8
Good Luck Chuck,Comedy,25000000,2007,9
Cradle 2 the Grave,Action,25000000,2003,2
The Hours,Drama,25000000,2002,12
She's the Man,Comedy,20000000,2006,3
Mr. Bean's Holiday,,25000000,2007,3
Anacondas: The Hunt for the Blood Orchid,Adventure,20000000,2004,8
Blood Ties,Thriller,25500000,2013,8
August Rush,Drama,25000000,2007,11
Elizabeth,Drama,30000000,1998,9
Bride of Chucky,Horror,25000000,1998,10
Tora! Tora! Tora!,,25485000,1970,1
Spice World,Adventure,25000000,1997,12
The Sitter,Comedy,25000000,2011,12
Dance Flick,Action,0,2009,5
The Shawshank Redemption,Drama,25000000,1994,9
Crocodile Dundee in Los Angeles,Adventure,21150000,2001,4
Kingpin,Comedy,27000000,1996,7
The Gambler,Thriller,25000000,2014,12
August: Osage County,Comedy,25000000,2013,12
Ice Princess,Drama,25000000,2005,3
A Lot Like Love,Comedy,30000000,2005,4
Eddie the Eagle,Comedy,23000000,2016,2
He Got Game,Drama,25000000,1998,5
Don Juan DeMarco,Romance,25000000,1994,10
Dear John,Drama,25000000,2010,2
The Losers,Action,25000000,2010,4
Don't Be Afraid of the Dark,Fantasy,25000000,2010,11
War,Action,25000000,2007,8
Punch-Drunk Love,Comedy,25000000,2002,10
EuroTrip,Comedy,25000000,2004,2
Half Past Dead,Crime,13000000,2002,11
Unaccompanied Minors,Comedy,26000000,2006,12
"Bright Lights, Big City",Drama,0,1988,4
The Adventures of Pinocchio,Animation,0,1996,7
The Greatest Game Ever Played,Drama,25000000,2005,9
The Box,Thriller,30000000,2009,9
The Ruins,Drama,8000000,2008,4
The Next Best Thing,Comedy,25000000,2000,3
My Soul to Take,Drama,25000000,2010,10
The Girl Next Door,Comedy,25000000,2004,4
Maximum Risk,Action,25000000,1996,9
Stealing Harvard,Action,0,2002,9
Legend,Crime,25000000,2015,9
Hot Rod,Action,0,2007,8
Shark Night,Horror,28000000,2011,9
Angela's Ashes,Drama,25,1999,12
Draft Day,Drama,25000000,2014,4
Lifeforce,Fantasy,25000000,1985,6
The Conspirator,Crime,25000000,2010,9
Lords of Dogtown,Drama,25000000,2005,6
The 33,Drama,25000000,2015,8
Big Trouble in Little China,Action,25000000,1986,5
Fly Me to the Moon,Comedy,0,2012,10
Warrior,Action,25000000,2011,9
Michael Collins,Drama,28000000,1996,10
Gettysburg,,0,1993,10
Stop-Loss,Drama,25000000,2008,3
Abandon,Drama,25000000,2002,10
Brokedown Palace,Drama,25000000,1999,8
The Possession,Horror,14000000,2012,8
Mrs. Winterbourne,Comedy,25000000,1996,4
Straw Dogs,Drama,25000000,2011,9
The Hoax,Comedy,25000000,2006,10
Stone Cold,Action,0,1991,5
The Road,Adventure,32000000,2009,11
Sheena,Action,25000000,1984,8
Underclassman,Action,0,2005,9
Say It Isn't So,Comedy,25000000,2001,3
The World's Fastest Indian,Drama,25000000,2005,10
Tank Girl,Action,25000000,1995,3
King's Ransom,Comedy,0,2005,4
Blindness,Drama,25000000,2008,5
BloodRayne,Action,25000000,2005,10
Carnage,Comedy,25000000,2011,9
Where the Truth Lies,Drama,25000000,2005,10
Cirque du Soleil: Worlds Away,Fantasy,0,2012,11
Without Limits,Drama,25000000,1998,9
Me and Orson Welles,Comedy,25000000,2009,11
The Best Offer,Drama,13500000,2013,1
The Bad Lieutenant: Port of Call - New Orleans,Drama,25000000,2009,9
A Turtle's Tale: Sammy's Adventures,Animation,0,2010,8
Little White Lies,Comedy,25000000,2010,10
Love Ranch,Drama,0,2010,6
The True Story of Puss 'n Boots,,0,2009,4
Space Dogs,,25000000,2010,3
The Counselor,Thriller,25000000,2013,10
Ironclad,Romance,25000000,2011,3
Waterloo,,25000000,1970,10
Kung Fu Jungle,Crime,25000000,2014,10
Red Sky,Action,25000000,2014,3
Dangerous Liaisons,Drama,14000000,1988,12
On the Road,Adventure,25000000,2012,5
Star Trek IV: The Voyage Home,Science Fiction,24000000,1986,11
Rocky Balboa,Drama,24000000,2006,12
Scream 2,Horror,24000000,1997,12
Jane Got a Gun,Action,25000000,2016,1
Think Like a Man Too,Comedy,24000000,2014,6
The Whole Nine Yards,Comedy,41300000,2000,2
Footloose,Drama,8200000,1984,2
Old School,Comedy,24000000,2003,2
The Fisher King,Comedy,24000000,1991,9
I Still Know What You Did Last Summer,Horror,65000000,1998,11
Return to Me,Romance,24000000,2000,4
Zack and Miri Make a Porno,Comedy,24000000,2008,9
Nurse Betty,Comedy,24000000,2000,9
The Men Who Stare at Goats,Comedy,24000000,2009,10
Double Take,Adventure,0,2001,1
"Girl, Interrupted",Drama,40000000,1999,12
Win a Date with Tad Hamilton!,Comedy,17000000,2004,1
Muppets from Space,Fantasy,24000000,1999,7
The Wiz,Adventure,24000000,1978,10
Ready to Rumble,Action,24000000,2000,4
Play It to the Bone,Comedy,24000000,1999,12
I Don't Know How She Does It,Romance,24000000,2011,9
Piranha 3D,Comedy,24000000,2010,8
Beyond the Sea,Drama,23000000,2004,12
Meet the Deedles,Animation,24000000,1998,3
The Thief and the Cobbler,Adventure,28000000,1993,9
The Bridge of San Luis Rey,Romance,0,2004,1
Faster,Crime,24000000,2010,11
Howl's Moving Castle,Fantasy,24000000,2004,11
Zombieland,Comedy,23600000,2009,10
The Waterboy,Comedy,23000000,1998,11
The Empire Strikes Back,Adventure,18000000,1980,5
Bad Boys,Action,19000000,1995,4
The Naked Gun 2½: The Smell of Fear,Comedy,23000000,1991,6
Final Destination,Horror,23000000,2000,3
The Ides of March,Drama,12500000,2011,9
Pitch Black,Thriller,23000000,2000,2
Someone Like You...,Comedy,23000000,2001,3
Her,Romance,23000000,2013,12
Joy Ride,,23000000,2001,10
The Adventurer: The Curse of the Midas Box,Fantasy,25000000,2013,12